[{"id":"AQRkNInF3j3MOGPXhDnEZj3f++hrG5v2un1sumExFbA=","chats":"!hidetag for you turu kawan :v"},{"id":"vYfZtXyNlbzTlDpZNkNARo+JcPB/5tsvSn3qsHQQjrE=","chats":"!menu"},{"id":"61vBi1IoLAumqI2NiqT77YmnzLmlxS9/8UTdoR5J5Vw=","chats":"!toimg"},{"id":"Nn3JwaAtAtoqk3Fmk31c2VSezt+H0fxzcxLL690vL0s=","chats":"!group open"},{"id":"BqvebcQM37N4MKdVtKq3WYOKN0j6/586luAcGcD7XQI=","chats":"!group close"},{"id":"8RS7Np0j8ZbwKA5halS0NKO97jZhPVKst0bhEbuVDzo=","chats":"!ping"},{"id":"NmpC2PqH3WlPOKaYtlb2I4FZLxCszZrTH+QtlLTHuRQ=","chats":"!hidetag nempo doang:3"},{"id":"D16f4sWFhoWe2w8ARB5hb+zWL/QUogNE18REokYDMoQ=","chats":"!hidetag booo"},{"id":"D16f4sWFhoWe2w8ARB5hb+zWL/QUogNE18REokYDMoQ=","chats":"!hidetag *BOOOO*"},{"id":"lSUsqEH5IuW9f/ueXjQHbHgqcEAUmcnB0vWsw7FnoKc=","chats":"!getvn ga tau"},{"id":"VJsr2NjSRGu9L/rTcQVTeMpmVogq4F5yBdCfI6EtsRg=","chats":"!hidetag *CUIHH💦*"},{"id":"z6FjuYVG8mvaBI8LrFkHtJaEqhUL8osDtcUg+U8eB6w=","chats":"!hidetag *GA USAH NGETAG NGENTOT!*"},{"id":"Qvz0cFHCBWnGCjexhfEnC8blm9MLlhEw3O+FzxHs6lg=","chats":"!getvn bapalu"},{"id":"vZ0rc0fFbIPcfbMPKYnf3W94Wt5a1A28A+IAOoQn6Cc=","chats":"#menu"},{"id":"YI5EgAVq+pRJVFUxpyKmBvbehFL3bIgiKe5JWy1dBpA=","chats":"#getvn makan"},{"id":"LUClUnaGJZx1nmFlmw3zZ3AZhKQfO9m3HCIhV+p5t00=","chats":"#tes"},{"id":"wErls3dsGeIqpeJYNFaGOLYvTZgeL3lzDdzGd5n7ddM=","chats":"#tes"}]