[{"id":"6285894214016@s.whatsapp.net","uang":19},{"id":"6283171426085@s.whatsapp.net","uang":759},{"id":"13605024221@s.whatsapp.net","uang":35},{"id":"6288286421519@s.whatsapp.net","uang":403},{"id":"6288292024190@s.whatsapp.net","uang":853},{"id":"6282166794647@s.whatsapp.net","uang":27},{"id":"6289626692456@s.whatsapp.net","uang":157},{"id":"62822969587146@s.whatsapp.net","uang":19},{"id":"6283131479351@s.whatsapp.net","uang":75},{"id":"6285777451314@s.whatsapp.net","uang":93},{"id":"6288239030185@s.whatsapp.net","uang":39},{"id":"6283183586629@s.whatsapp.net","uang":254},{"id":"628889578024@s.whatsapp.net","uang":79},{"id":"6283152753417@s.whatsapp.net","uang":183},{"id":"6289686869540@s.whatsapp.net","uang":64},{"id":"60168233052@s.whatsapp.net","uang":11},{"id":"","uang":11061},{"id":"6289690853624@s.whatsapp.net","uang":638},{"id":"6287708357324@s.whatsapp.net","uang":11814},{"id":"62895326097674@s.whatsapp.net","uang":718},{"id":"6288971419677@s.whatsapp.net","uang":139},{"id":"6283145831517@s.whatsapp.net","uang":1283},{"id":"6282183642674@s.whatsapp.net","uang":434},{"id":"6285824296638@s.whatsapp.net","uang":1317},{"id":"6281269974332@s.whatsapp.net","uang":1700},{"id":"6285841235677@s.whatsapp.net","uang":3301},{"id":"6283131457324@s.whatsapp.net","uang":394},{"id":"6285807124063@s.whatsapp.net","uang":312},{"id":"6282116304121@s.whatsapp.net","uang":241},{"id":"6281994580627@s.whatsapp.net","uang":44},{"id":"6285773693989@s.whatsapp.net","uang":26},{"id":"6287879325457@s.whatsapp.net","uang":193},{"id":"6283198756445@s.whatsapp.net","uang":13},{"id":"6281528987130@s.whatsapp.net","uang":171},{"id":"6283816099978@s.whatsapp.net","uang":136},{"id":"6285640068416@s.whatsapp.net","uang":302},{"id":"6285861044787@s.whatsapp.net","uang":176},{"id":"6281292247221@s.whatsapp.net","uang":150},{"id":"6287895808192@s.whatsapp.net","uang":176},{"id":"6287895035908@s.whatsapp.net","uang":131},{"id":"6282130991101@s.whatsapp.net","uang":179},{"id":"6288267020793@s.whatsapp.net","uang":27},{"id":"62856400684162@s.whatsapp.net","uang":29},{"id":"380942444561@s.whatsapp.net","uang":108},{"id":"6283114037309@s.whatsapp.net","uang":17},{"id":"6281917612379@s.whatsapp.net","uang":14},{"id":"6283127014833@s.whatsapp.net","uang":1079},{"id":"6289501060783@s.whatsapp.net","uang":23644},{"id":"6281324279692@s.whatsapp.net","uang":1166},{"id":"6289516108557@s.whatsapp.net","uang":2234},{"id":"601136151330@s.whatsapp.net","uang":369},{"id":"62895336763965@s.whatsapp.net","uang":4578},{"id":"6281333603591@s.whatsapp.net","uang":620},{"id":"6281328552597@s.whatsapp.net","uang":5938},{"id":"6285260245100@s.whatsapp.net","uang":1038},{"id":"628885960825@s.whatsapp.net","uang":126},{"id":"628872948289@s.whatsapp.net","uang":237},{"id":"6289527413560@s.whatsapp.net","uang":710},{"id":"6289524699623@s.whatsapp.net","uang":50},{"id":"6283843868153@s.whatsapp.net","uang":631},{"id":"6282378543174@s.whatsapp.net","uang":507},{"id":"6289521866401@s.whatsapp.net","uang":643},{"id":"6285740888735@s.whatsapp.net","uang":2113},{"id":"60136037530@s.whatsapp.net","uang":2390},{"id":"6285871242361@s.whatsapp.net","uang":853},{"id":"6281928282722@s.whatsapp.net","uang":2627},{"id":"6287896415325@s.whatsapp.net","uang":833},{"id":"62858943992198@s.whatsapp.net","uang":1290},{"id":"6285892842367@s.whatsapp.net","uang":917},{"id":"60182453129@s.whatsapp.net","uang":3186},{"id":"60134640969@s.whatsapp.net","uang":1158},{"id":"60198351043@s.whatsapp.net","uang":1174},{"id":"6281545835104@s.whatsapp.net","uang":148},{"id":"6287701964150@s.whatsapp.net","uang":4025},{"id":"6289527339761@s.whatsapp.net","uang":375},{"id":"6281649357107@s.whatsapp.net","uang":2147},{"id":"6283153600281@s.whatsapp.net","uang":30},{"id":"60173461649@s.whatsapp.net","uang":486},{"id":"6285871017816@s.whatsapp.net","uang":911},{"id":"6281998065860@s.whatsapp.net","uang":101},{"id":"601126429399@s.whatsapp.net","uang":524},{"id":"601161887443@s.whatsapp.net","uang":112},{"id":"6283830815715@s.whatsapp.net","uang":310},{"id":"62895385961070@s.whatsapp.net","uang":535},{"id":"6288295031574@s.whatsapp.net","uang":23},{"id":"6285764116509@s.whatsapp.net","uang":1258},{"id":"6288706800803@s.whatsapp.net","uang":327},{"id":"6281271423102@s.whatsapp.net","uang":74},{"id":"6285954993954@s.whatsapp.net","uang":169},{"id":"6289524964735@s.whatsapp.net","uang":286},{"id":"6289522008587@s.whatsapp.net","uang":44},{"id":"6285868544505@s.whatsapp.net","uang":141},{"id":"6281573865003@s.whatsapp.net","uang":62},{"id":"62895323752352@s.whatsapp.net","uang":2643},{"id":"62895704289331@s.whatsapp.net","uang":1017},{"id":"6287820446836@s.whatsapp.net","uang":427},{"id":"6285781076896@s.whatsapp.net","uang":678},{"id":"6285735133419@s.whatsapp.net","uang":140},{"id":"6281703489336@s.whatsapp.net","uang":28},{"id":"6289643332672@s.whatsapp.net","uang":93},{"id":"6285817414657@s.whatsapp.net","uang":1826},{"id":"6283874811886@s.whatsapp.net","uang":148},{"id":"6289504585790@s.whatsapp.net","uang":371},{"id":"6285758141941@s.whatsapp.net","uang":246},{"id":"6289510473925@s.whatsapp.net","uang":260},{"id":"6285349802643@s.whatsapp.net","uang":648},{"id":"6285939425191@s.whatsapp.net","uang":278},{"id":"6285964354901@s.whatsapp.net","uang":294},{"id":"6285792627540@s.whatsapp.net","uang":58},{"id":"6281263070259@s.whatsapp.net","uang":153},{"id":"628816562295@s.whatsapp.net","uang":54},{"id":"6285860234984@s.whatsapp.net","uang":144},{"id":"6285393970120@s.whatsapp.net","uang":175},{"id":"628998094862@s.whatsapp.net","uang":76},{"id":"6283159747012@s.whatsapp.net","uang":96},{"id":"6281387069480@s.whatsapp.net","uang":88},{"id":"62881025138741@s.whatsapp.net","uang":67},{"id":"6285157226383@s.whatsapp.net","uang":639},{"id":"6287721317870@s.whatsapp.net","uang":39},{"id":"6283154557606@s.whatsapp.net","uang":274},{"id":"6285775648642@s.whatsapp.net","uang":49},{"id":"6285782393153@s.whatsapp.net","uang":187},{"id":"6281555807465@s.whatsapp.net","uang":1615},{"id":"6283824417034@s.whatsapp.net","uang":3983},{"id":"6281365814200@s.whatsapp.net","uang":1580},{"id":"6288212465570@s.whatsapp.net","uang":47},{"id":"6285882067904@s.whatsapp.net","uang":21},{"id":"6287757318505@s.whatsapp.net","uang":48},{"id":"6281212083401@s.whatsapp.net","uang":69},{"id":"6288290721416@s.whatsapp.net","uang":454},{"id":"6281283887070@s.whatsapp.net","uang":964},{"id":"62895343303817@s.whatsapp.net","uang":1537},{"id":"6285803583481@s.whatsapp.net","uang":90},{"id":"6281268245157@s.whatsapp.net","uang":305},{"id":"62895416489526@s.whatsapp.net","uang":88},{"id":"6285290497875@s.whatsapp.net","uang":525},{"id":"62895359517312@s.whatsapp.net","uang":486},{"id":"6289681510440@s.whatsapp.net","uang":174},{"id":"923474187615@s.whatsapp.net","uang":426},{"id":"6285718672764@s.whatsapp.net","uang":175},{"id":"6283838745774@s.whatsapp.net","uang":1738},{"id":"6283807588767@s.whatsapp.net","uang":553},{"id":"6289612093132@s.whatsapp.net","uang":159},{"id":"6285347066806@s.whatsapp.net","uang":265},{"id":"6285707042602@s.whatsapp.net","uang":57},{"id":"916002570722@s.whatsapp.net","uang":528},{"id":"917464038043@s.whatsapp.net","uang":980},{"id":"919860079870@s.whatsapp.net","uang":2324},{"id":"6282181130674@s.whatsapp.net","uang":25},{"id":"6285849261085@s.whatsapp.net","uang":112},{"id":"6285658776683@s.whatsapp.net","uang":151},{"id":"6281232954404@s.whatsapp.net","uang":701},{"id":"628871767750@s.whatsapp.net","uang":163},{"id":"6281227836707@s.whatsapp.net","uang":755},{"id":"628977266310@s.whatsapp.net","uang":153},{"id":"62895384939392@s.whatsapp.net","uang":162},{"id":"6285212023766@s.whatsapp.net","uang":289},{"id":"6283137750223@s.whatsapp.net","uang":719},{"id":"6289696764138@s.whatsapp.net","uang":101},{"id":"6287747701302@s.whatsapp.net","uang":307},{"id":"6285728917285@s.whatsapp.net","uang":46},{"id":"6281317790596@s.whatsapp.net","uang":310},{"id":"601163715788@s.whatsapp.net","uang":190},{"id":"6281365936940@s.whatsapp.net","uang":186},{"id":"6285866091996@s.whatsapp.net","uang":366},{"id":"918602239106@s.whatsapp.net","uang":51},{"id":"6285343885537@s.whatsapp.net","uang":359},{"id":"51903476362@s.whatsapp.net","uang":213},{"id":"6282128280049@s.whatsapp.net","uang":570},{"id":"6285714255423@s.whatsapp.net","uang":49},{"id":"212632675935@s.whatsapp.net","uang":210},{"id":"6285954776737@s.whatsapp.net","uang":61},{"id":"6281347535737@s.whatsapp.net","uang":25},{"id":"6282181825945@s.whatsapp.net","uang":182},{"id":"917505344967@s.whatsapp.net","uang":255},{"id":"6288980740797@s.whatsapp.net","uang":109},{"id":"917093225860@s.whatsapp.net","uang":194},{"id":"919836606061@s.whatsapp.net","uang":252},{"id":"919880360884@s.whatsapp.net","uang":29},{"id":"62882019247701@s.whatsapp.net","uang":57},{"id":"917356159070@s.whatsapp.net","uang":403},{"id":"917070177723@s.whatsapp.net","uang":98},{"id":"212767221373@s.whatsapp.net","uang":112},{"id":"62895385184803@s.whatsapp.net","uang":298},{"id":"6281340304576@s.whatsapp.net","uang":164},{"id":"6283816759079@s.whatsapp.net","uang":577},{"id":"6285772281815@s.whatsapp.net","uang":68},{"id":"6287714747382@s.whatsapp.net","uang":249},{"id":"6285712232287@s.whatsapp.net","uang":66},{"id":"923464510886@s.whatsapp.net","uang":226},{"id":"917208630448@s.whatsapp.net","uang":416},{"id":"919641106447@s.whatsapp.net","uang":111},{"id":"919661814735@s.whatsapp.net","uang":289},{"id":"27665052121@s.whatsapp.net","uang":73},{"id":"919064429265@s.whatsapp.net","uang":145},{"id":"919541616548@s.whatsapp.net","uang":449},{"id":"6282146218274@s.whatsapp.net","uang":651},{"id":"917307451480@s.whatsapp.net","uang":139},{"id":"918817022070@s.whatsapp.net","uang":449},{"id":"6282269708587@s.whatsapp.net","uang":285},{"id":"60143166703@s.whatsapp.net","uang":86},{"id":"919971107409@s.whatsapp.net","uang":95},{"id":"6285274576902@s.whatsapp.net","uang":104},{"id":"6285867136621@s.whatsapp.net","uang":81},{"id":"6285775242991@s.whatsapp.net","uang":179},{"id":"6281273219926@s.whatsapp.net","uang":39},{"id":"6281323340796@s.whatsapp.net","uang":189},{"id":"6282337245566@s.whatsapp.net","uang":200},{"id":"6283813554058@s.whatsapp.net","uang":192},{"id":"6288232392503@s.whatsapp.net","uang":183},{"id":"62895358527986@s.whatsapp.net","uang":417},{"id":"6288220323100@s.whatsapp.net","uang":275},{"id":"6285748410700@s.whatsapp.net","uang":83},{"id":"6285745434522@s.whatsapp.net","uang":99},{"id":"6289653381067@s.whatsapp.net","uang":313},{"id":"6281251881660@s.whatsapp.net","uang":75},{"id":"6281221453013@s.whatsapp.net","uang":211},{"id":"918240890871@s.whatsapp.net","uang":102},{"id":"6289602455791@s.whatsapp.net","uang":329},{"id":"6285878794607@s.whatsapp.net","uang":70},{"id":"6285880056955@s.whatsapp.net","uang":235},{"id":"628985662425@s.whatsapp.net","uang":1330},{"id":"6283877867092@s.whatsapp.net","uang":94},{"id":"628811944258@s.whatsapp.net","uang":330},{"id":"6289653896400@s.whatsapp.net","uang":1537},{"id":"6281905173250@s.whatsapp.net","uang":143},{"id":"919022530482@s.whatsapp.net","uang":891},{"id":"62895401383967@s.whatsapp.net","uang":406},{"id":"917635988683@s.whatsapp.net","uang":434},{"id":"6287819218613@s.whatsapp.net","uang":13},{"id":"6285222720380@s.whatsapp.net","uang":334},{"id":"62882007331744@s.whatsapp.net","uang":123},{"id":"918902495991@s.whatsapp.net","uang":117},{"id":"918167042734@s.whatsapp.net","uang":144},{"id":"6285774856722@s.whatsapp.net","uang":123},{"id":"6283143727004@s.whatsapp.net","uang":38},{"id":"916207066639@s.whatsapp.net","uang":140},{"id":"917007104749@s.whatsapp.net","uang":187},{"id":"6281384709123@s.whatsapp.net","uang":319},{"id":"919678025396@s.whatsapp.net","uang":79},{"id":"6289523908124@s.whatsapp.net","uang":1655},{"id":"919422847502@s.whatsapp.net","uang":61},{"id":"62895324958218@s.whatsapp.net","uang":304},{"id":"6283160410818@s.whatsapp.net","uang":668},{"id":"919707590983@s.whatsapp.net","uang":19},{"id":"918348225320@s.whatsapp.net","uang":16},{"id":"6282338737725@s.whatsapp.net","uang":143},{"id":"6282157115084@s.whatsapp.net","uang":294},{"id":"6283198423641@s.whatsapp.net","uang":22},{"id":"6285852146010@s.whatsapp.net","uang":113},{"id":"18045292269@s.whatsapp.net","uang":63},{"id":"6283106009748@s.whatsapp.net","uang":90},{"id":"6285748725568@s.whatsapp.net","uang":110},{"id":"6283120130733@s.whatsapp.net","uang":309},{"id":"6289530083107@s.whatsapp.net","uang":231},{"id":"6281239454178@s.whatsapp.net","uang":632},{"id":"6281323869146@s.whatsapp.net","uang":159},{"id":"6281296272462@s.whatsapp.net","uang":265},{"id":"6287700915703@s.whatsapp.net","uang":204},{"id":"6282210047550@s.whatsapp.net","uang":30},{"id":"62881027647262@s.whatsapp.net","uang":16},{"id":"6283150518945@s.whatsapp.net","uang":356},{"id":"6288976897909@s.whatsapp.net","uang":457},{"id":"6285755928297@s.whatsapp.net","uang":279},{"id":"6281803329743@s.whatsapp.net","uang":155},{"id":"62882016564266@s.whatsapp.net","uang":113},{"id":"6285715116671@s.whatsapp.net","uang":46},{"id":"6281802875129@s.whatsapp.net","uang":171},{"id":"6281258657607@s.whatsapp.net","uang":588},{"id":"62895622827978@s.whatsapp.net","uang":333},{"id":"6285273300241@s.whatsapp.net","uang":512},{"id":"6283817101166@s.whatsapp.net","uang":32},{"id":"6282333810295@s.whatsapp.net","uang":504},{"id":"6281258979094@s.whatsapp.net","uang":74},{"id":"6285731741978@s.whatsapp.net","uang":84},{"id":"6285715965416@s.whatsapp.net","uang":36},{"id":"62857146279201@s.whatsapp.net","uang":280},{"id":"6288226288752@s.whatsapp.net","uang":195},{"id":"6282256036408@s.whatsapp.net","uang":15},{"id":"6281265729853@s.whatsapp.net","uang":346},{"id":"6285961576268@s.whatsapp.net","uang":40},{"id":"6289530083606@s.whatsapp.net","uang":145},{"id":"6282249352828@s.whatsapp.net","uang":100},{"id":"6281256639243@s.whatsapp.net","uang":76},{"id":"62881025719480@s.whatsapp.net","uang":93},{"id":"6285278150815@s.whatsapp.net","uang":373},{"id":"6285786954170@s.whatsapp.net","uang":191},{"id":"6283163355710@s.whatsapp.net","uang":98},{"id":"628995506551@s.whatsapp.net","uang":117},{"id":"6281336899890@s.whatsapp.net","uang":42},{"id":"6283896716020@s.whatsapp.net","uang":83},{"id":"6281386235312@s.whatsapp.net","uang":60},{"id":"6285713355631@s.whatsapp.net","uang":321},{"id":"6281311991752@s.whatsapp.net","uang":854},{"id":"6287876404565@s.whatsapp.net","uang":236},{"id":"18589568594@s.whatsapp.net","uang":93},{"id":"6283831647253@s.whatsapp.net","uang":22},{"id":"6289522679277@s.whatsapp.net","uang":160},{"id":"6283161750951@s.whatsapp.net","uang":107},{"id":"6281292673955@s.whatsapp.net","uang":274},{"id":"6281390347417@s.whatsapp.net","uang":322},{"id":"6288225413262@s.whatsapp.net","uang":128},{"id":"6282331076497@s.whatsapp.net","uang":25},{"id":"6281277859783@s.whatsapp.net","uang":249},{"id":"6281239024631@s.whatsapp.net","uang":105},{"id":"6287821072395@s.whatsapp.net","uang":307},{"id":"19107189756@s.whatsapp.net","uang":58},{"id":"6281263481114@s.whatsapp.net","uang":39},{"id":"62881026950162@s.whatsapp.net","uang":134},{"id":"6288971690049@s.whatsapp.net","uang":75},{"id":"628979530736@s.whatsapp.net","uang":20},{"id":"6285361850766@s.whatsapp.net","uang":102},{"id":"6285789971279@s.whatsapp.net","uang":42},{"id":"212657358242@s.whatsapp.net","uang":66},{"id":"436703061285682@s.whatsapp.net","uang":93},{"id":"6283105896230@s.whatsapp.net","uang":69},{"id":"6282272263955@s.whatsapp.net","uang":58},{"id":"6289653571850@s.whatsapp.net","uang":76},{"id":"6285732269846@s.whatsapp.net","uang":130},{"id":"6283802911688@s.whatsapp.net","uang":326},{"id":"6283182689021@s.whatsapp.net","uang":152},{"id":"6285161098098@s.whatsapp.net","uang":64},{"id":"6281904274876@s.whatsapp.net","uang":341},{"id":"6281257747712@s.whatsapp.net","uang":112},{"id":"628814382998@s.whatsapp.net","uang":118},{"id":"6283178452823@s.whatsapp.net","uang":123},{"id":"6288802830854@s.whatsapp.net","uang":44},{"id":"6282384475241@s.whatsapp.net","uang":617},{"id":"6285788700379@s.whatsapp.net","uang":160},{"id":"6285709492094@s.whatsapp.net","uang":102},{"id":"6289669432212@s.whatsapp.net","uang":60},{"id":"6281218835420@s.whatsapp.net","uang":50},{"id":"6282163847510@s.whatsapp.net","uang":111}]