[{"id":"","name":"😀","age":"Aktif Selama : 00Jam - 44Menit -  28Detik   「 BOT-WHATSAPP 」 ","bio":"12:19:49"},{"id":"6281212083401@s.whatsapp.net","name":"ẉ.id/•㆒᮫ᨗ᪼࿊⃟𝑿𝒆𝒏𝒏シ︎⁩◥▶‿◀◤⁩","age":"401","bio":"12:22:08"},{"id":"6288290721416@s.whatsapp.net","name":"lemon tree","age":"Aktif Selama : 00Jam - 05Menit -  36Detik   「 XMOODS - BOT 」 ","bio":"12:26:34"},{"id":"6285817414657@s.whatsapp.net","name":"𝓘𝓾𝓼","age":"Afah Iyah banh?","bio":"12:34:42"},{"id":"6281283887070@s.whatsapp.net","name":"Is ren yours?","age":"@ZilongTiktok","bio":"13:10:07"},{"id":"62895336763965@s.whatsapp.net","name":"[Rizal]","age":"͏͏͏͏͏͏͏͏͏͏͏͏͏͏͏͏͏͏͏͏͏͏͏͏͏͏͏͏͏͏͏͏͏͏͏͏͏͏͏͏͏͏͏͏͏͏͏͏͏͏͏͏͏͏͏͏͏͏͏͏͏͏͏͏͏͏͏͏͏͏͏͏͏͏͏͏͏͏͏͏͏͏͏͏͏͏͏͏͏͏͏͏͏͏͏͏͏͏͏͏͏͏͏͏͏͏͏͏͏͏͏͏͏͏͏͏͏͏͏͏͏͏͏͏͏͏͏͏͏͏͏͏͏͏͏͏͏͏͏","bio":"13:30:29"},{"id":"6285782867520@s.whatsapp.net","name":"Exsel","age":"×_×™꧁°keep smiling°꧂™×_×","bio":"13:35:11"},{"id":"6281268245157@s.whatsapp.net","name":"«ɪᴀᴍ ᴀʀᴅɪ ᴡᴇʙ ᴅᴇᴠᴇʟᴏᴘᴇʀ» ɪʟᴏᴠᴇ ᴀʟʟᴀʜ","age":"DEVELOPER","bio":"13:48:12"},{"id":"62895704289331@s.whatsapp.net","name":".","age":"Sibuk","bio":"14:50:43"},{"id":"6285764116509@s.whatsapp.net","name":"William Santo","age":"401","bio":"14:50:57"},{"id":"6285290497875@s.whatsapp.net","name":"Dooo","age":"401","bio":"14:51:32"},{"id":"6283112170548@s.whatsapp.net","name":"Dhni","age":"Sibuk","bio":"14:59:29"},{"id":"6282181130674@s.whatsapp.net","name":"Yuhay-","age":"Sibuk","bio":"15:22:56"},{"id":"916002570722@s.whatsapp.net","name":"𝐓𝐎𝐌🐱","age":"Kuchh Bhi Nahin chahie sirf woh chahie ❤️","bio":"16:12:57"},{"id":"923474187615@s.whatsapp.net","name":"เƭx͛_ɦεα͛ɾƭ_ɦ͛αcҡ͛εɾ❤‍🔥","age":"401","bio":"16:18:23"},{"id":"6285314486898@s.whatsapp.net","name":"Raihan","age":"Anak bossss ni bosss 🤫🤫","bio":"16:21:10"},{"id":"917900118177@s.whatsapp.net","name":"OT7 Amy Gl~ Kaam Kr Apna🚶🏻‍♀️","age":"401","bio":"16:21:27"},{"id":"919877372618@s.whatsapp.net","name":"🖤🖤♡𝐀𝐍𝐆𝐄𝐋𝐀♡🖤🖤","age":"𝗦𝘁𝗮𝘆 𝘀𝘁𝗿𝗼𝗻𝗴 🦋💫. 𝗠𝗮𝗸𝗲 𝘁𝗵𝗲𝗺 𝘄𝗼𝗻𝗱𝗲𝗿 🌈💗𝘄𝗵𝘆 𝘆𝗼𝘂 𝗮𝗿𝗲 𝘀𝘁𝗶𝗹𝗹 𝘀𝗺𝗶𝗹𝗶𝗻𝗴 🙃☘️","bio":"16:21:37"},{"id":"6283824417034@s.whatsapp.net","name":"DNFBotz","age":"401","bio":"16:21:55"},{"id":"6289681510440@s.whatsapp.net","name":"Rezvan","age":"𝗦𝘁𝗮𝘆 𝘀𝘁𝗿𝗼𝗻𝗴 🦋💫. 𝗠𝗮𝗸𝗲 𝘁𝗵𝗲𝗺 𝘄𝗼𝗻𝗱𝗲𝗿 🌈💗𝘄𝗵𝘆 𝘆𝗼𝘂 𝗮𝗿𝗲 𝘀𝘁𝗶𝗹𝗹 𝘀𝗺𝗶𝗹𝗶𝗻𝗴 🙃☘️","bio":"16:22:34"},{"id":"918005837317@s.whatsapp.net","name":"BTS💜army💜forever💜","age":"Love your parents and respect them because no one will love's u as much as your parents love's you 💓","bio":"16:25:50"},{"id":"6282391725507@s.whatsapp.net","name":"David Da Silva","age":"401","bio":"16:26:27"},{"id":"918240890871@s.whatsapp.net","name":"~Aurora 🖤🤍","age":"401","bio":"16:26:50"},{"id":"6281232954404@s.whatsapp.net","name":"Deco Prameswara","age":"Empty :|","bio":"16:55:29"},{"id":"62895384939392@s.whatsapp.net","name":"Zzzz","age":"don't distrub me","bio":"17:43:22"},{"id":"6283137750223@s.whatsapp.net","name":"Ikj","age":"ᯓ❥⍣⃝🇨υτє 🇦ɾყα✦⃝🎭 𐫰 𐫰","bio":"17:55:55"},{"id":"62895343303817@s.whatsapp.net","name":"pedosama","age":"Aktif selama 00:23:34 | Mode: Publik | 𝚂𝚒𝚎𝚜𝚝𝚊-𝙱𝚘𝚝 by DimZex","bio":"17:56:51"},{"id":"6281333603591@s.whatsapp.net","name":"𝘋𝘩𝘢𝘯𝘪𝘎𝘢𝘯𝘴","age":"Maaf Tidak Menerima Push Kontak, Jika Masih Ngeyel Akan Di Blokir !!","bio":"18:26:02"},{"id":"601163715788@s.whatsapp.net","name":"Bot 24/7","age":"Hey there! I am using WhatsApp.","bio":"18:40:44"},{"id":"918602239106@s.whatsapp.net","name":"ITS-ME","age":"401","bio":"18:47:12"},{"id":"51903476362@s.whatsapp.net","name":".","age":"..","bio":"19:43:03"},{"id":"917464038043@s.whatsapp.net","name":"21)Manvi Singh/7c✨💜🙂","age":"Hey there! I am using WhatsApp.","bio":"19:43:43"},{"id":"6285714255423@s.whatsapp.net","name":"Rohim","age":"Sedang memikirkan kamu🙃","bio":"19:46:03"},{"id":"6282128280049@s.whatsapp.net","name":"Az","age":"Anda telah memblokir kontak ini.","bio":"19:46:44"},{"id":"212632675935@s.whatsapp.net","name":"Evil emperor","age":"🥰🥰🥰 my cute ness 😍🤣 and smart  brain 😜😜😘","bio":"20:02:39"},{"id":"6285871242361@s.whatsapp.net","name":"π¢|®∆♪)(÷≠™′″♪`~","age":"401","bio":"20:06:34"},{"id":"919836606061@s.whatsapp.net","name":"Tisa✨","age":"♡︎✌︎TISA⟭⟬✌︎♡︎💜","bio":"20:19:37"},{"id":"917356159070@s.whatsapp.net","name":"𝚳𝚫𝚴𝖴","age":"何もない","bio":"20:41:02"},{"id":"62895385184803@s.whatsapp.net","name":"Go-Bot","age":"Endless Gaming 69","bio":"20:59:19"},{"id":"919661814735@s.whatsapp.net","name":"💜𝗕𝗧𝗦⟭⟬💜","age":"Endless Gaming 69","bio":"21:02:55"},{"id":"917307451480@s.whatsapp.net","name":"Rashi Singh","age":"💜💜Purple is the last color of the rainbow 💜💜 Purple means \"I will trust you and love you 💜 💜\" Mrs Kim Taeyhung 💜 💜","bio":"23:08:55"},{"id":"918817022070@s.whatsapp.net","name":"SASSY Girl 😌😎 Love BTS ❣️❣️","age":"💜💜💜 EVER 💜BTS 💜 FOREVER 💜💜💜","bio":"23:09:59"},{"id":"601136151330@s.whatsapp.net","name":"BelluNgas","age":"Unavailable, lost in the world of darkness 🖤🖤","bio":"23:12:51"},{"id":"6282269708587@s.whatsapp.net","name":"ya","age":"401","bio":"23:16:33"},{"id":"6285867136621@s.whatsapp.net","name":"y","age":"401","bio":"00:10:35"},{"id":"212774421209@s.whatsapp.net","name":"😄","age":"Hey there! I am using WhatsApp.","bio":"07:48:40"},{"id":"6282337245566@s.whatsapp.net","name":"-","age":"401","bio":"07:48:48"},{"id":"6281323340796@s.whatsapp.net","name":"SENTOSMAN PRO","age":"SETENGAH TOXIC😈","bio":"08:34:22"},{"id":"6283813554058@s.whatsapp.net","name":"Levi EP","age":"401","bio":"08:45:25"},{"id":"6281221453013@s.whatsapp.net","name":"Panggil QtR","age":"401","bio":"14:24:11"},{"id":"628985662425@s.whatsapp.net","name":"「 𝙁𝙖𝙠𝙝𝙧𝙞𝙞 𝙀𝙙𝙞𝙩𝙯𝙯 」","age":"𝐅𝐚𝐤𝐡𝐫𝐢𝐢乂𝐒𝐚𝐲𝐮𝐫𝐬𝐨𝐟𝐭🤍","bio":"17:17:37"},{"id":"628811944258@s.whatsapp.net","name":"za","age":"Tidak dapat bicara, WhatsApp saja","bio":"17:27:34"},{"id":"919022530482@s.whatsapp.net","name":"It'z Fire 🔥","age":"Busy","bio":"17:48:42"},{"id":"62895401383967@s.whatsapp.net","name":"adiprifki","age":"Sibuk","bio":"17:54:04"},{"id":"6285866091996@s.whatsapp.net","name":"I'm lala","age":"401","bio":"17:55:43"},{"id":"917635988683@s.whatsapp.net","name":"🌸 KING__OF__EMPEROR'S ✨💖💫","age":"Aktif Selama : 00Jam - 03Menit -  01Detik   「 BOT-WHATSAPP 」 ","bio":"17:57:20"},{"id":"6281365814200@s.whatsapp.net","name":"YouTube : Kahfz`Kontol","age":"OFF","bio":"18:10:14"},{"id":"6285222720380@s.whatsapp.net","name":"~Rival  D","age":"Maker menu","bio":"19:13:35"},{"id":"918167042734@s.whatsapp.net","name":"shea💜","age":"Did you try to see the darkness behind the shine ✨ then you have got the real meaning in your life🤍🖤✨","bio":"19:28:09"},{"id":"6285954993954@s.whatsapp.net","name":"Deffri Gans","age":"Endless Gaming 69","bio":"19:32:24"},{"id":"916207066639@s.whatsapp.net","name":"Lili~💜","age":"...","bio":"19:49:32"},{"id":"917208630448@s.whatsapp.net","name":"mr___sb__23_2006","age":"Bot Mode On Since 00:00:15","bio":"19:50:04"},{"id":"917007104749@s.whatsapp.net","name":"Tanay Bajpai","age":" “Conquer anger with non-anger. Conquer badness with goodness. Conquer meanness with generosity. Conquer dishonesty with truth.”☸️☸️☸️","bio":"20:08:11"},{"id":"6281274325342@s.whatsapp.net","name":"Vopy","age":"401","bio":"20:14:18"},{"id":"6281384709123@s.whatsapp.net","name":"ERIL","age":"يمكن بسم الله","bio":"20:21:38"},{"id":"6289523908124@s.whatsapp.net","name":"firda","age":"Melayani akses〽️","bio":"20:24:38"},{"id":"62895324958218@s.whatsapp.net","name":"My Name Is ᥲfιfᥲh㋛︎","age":"401","bio":"20:29:39"},{"id":"6283160410818@s.whatsapp.net","name":"Bg Rell","age":"Diblokir. Ketuk untuk membuka blokir","bio":"20:30:10"},{"id":"6282338737725@s.whatsapp.net","name":"Haru","age":"401","bio":"20:43:19"},{"id":"6282157115084@s.whatsapp.net","name":".","age":"بسم الله الرحمن الرحيم","bio":"20:52:32"},{"id":"6289501060783@s.whatsapp.net","name":"Daffa","age":"😔","bio":"21:00:16"},{"id":"6288229443903@s.whatsapp.net","name":"Dhaffnavy","age":"Сражайся за мой Даффа✨","bio":"10:10:53"},{"id":"6283198423641@s.whatsapp.net","name":"☪︎̶p̶a̶n̶d̶a Ku🐼🎌","age":"Holding back tearsッ","bio":"11:38:44"},{"id":"6285852146010@s.whatsapp.net","name":"Tasya Me❤️","age":"Sibuk","bio":"11:48:16"},{"id":"6283106009748@s.whatsapp.net","name":"Rax Botz 🍂","age":":(:","bio":"13:22:16"},{"id":"6281390347417@s.whatsapp.net","name":"SelamatDatangBulanPuaSa","age":"Selamat datang bulan puasa 😁🙏","bio":"13:23:57"},{"id":"6289530083107@s.whatsapp.net","name":"Mau Apa Nge Tag Gua?🗿","age":"Cogan ga butuh bio","bio":"15:26:26"},{"id":"6281323869146@s.whatsapp.net","name":".","age":"Ada","bio":"15:27:14"},{"id":"62881027647262@s.whatsapp.net","name":"http://ẉa.me/aqnickep.ygy","age":"401","bio":"15:30:58"},{"id":"6281239454178@s.whatsapp.net","name":"Adnyani 🙏","age":"P S S  L besti❤‍🩹🤌❤‍🔥","bio":"15:33:09"},{"id":"6288976897909@s.whatsapp.net","name":"kepo aja","age":"Sibuk","bio":"15:34:42"},{"id":"6283892405671@s.whatsapp.net","name":"Dhaffnavy","age":"Sibuk","bio":"15:40:09"},{"id":"6285755928297@s.whatsapp.net","name":"Yusril","age":"401","bio":"15:46:10"},{"id":"6281802875129@s.whatsapp.net","name":"celiboy3.0","age":"ᅠ ᅠ ᅠ ᅠ ᅠ ᅠ ᅠ ᅠ ᅠ ᅠ ᅠ ᅠ ᅠ ᅠ ᅠ ᅠ ᅠ ᅠ ᅠ ᅠ ᅠ ᅠ ᅠᅠ ᅠ ᅠ ᅠ ᅠ ᅠ ᅠ ᅠ ᅠ ᅠ ᅠ ᅠ ᅠ ᅠ ᅠ ᅠ ᅠ ᅠ ᅠ ᅠ ᅠ ᅠ ᅠ ᅠ ᅠ ᅠ ᅠ ᅠ ᅠᅠ ᅠ ᅠ ᅠ ᅠ ᅠ ᅠ ᅠ ᅠ ᅠᅠᅠᅠᅠᅠᅠᅠᅠᅠᅠᅠᅠᅠᅠ ᅠ ᅠ","bio":"16:06:36"},{"id":"6281258657607@s.whatsapp.net","name":"Sannz","age":"Vtuber Pun Gas Lah 〘 Yume Reality 〙","bio":"16:11:48"},{"id":"6285273300241@s.whatsapp.net","name":"Pira Des","age":"13 9 11 1 5 12 1","bio":"16:13:44"},{"id":"6283150518945@s.whatsapp.net","name":"Fahri","age":"Vtuber Pun Gas Lah 〘 Yume Reality 〙","bio":"16:29:53"},{"id":"6288226288752@s.whatsapp.net","name":"Rifqi","age":"<3","bio":"17:23:51"},{"id":"6282256036408@s.whatsapp.net","name":"S<3","age":"<3","bio":"17:24:04"},{"id":"62881025719480@s.whatsapp.net","name":"Appipps Ni 🆖🆎","age":"Bot Aktif Selama 2 minute, 13 second","bio":"17:53:31"},{"id":"6285865532134@s.whatsapp.net","name":"😎Iჩִ֠ઽ᮫֘αׂnഒ ࣪˖ℒℴѵℯ💗","age":"Hey there! I am using WhatsApp.","bio":"18:13:21"},{"id":"6285713355631@s.whatsapp.net","name":"~Yeoja Cans","age":"It's ok gpp kok🙂","bio":"21:45:44"},{"id":"6281311991752@s.whatsapp.net","name":"ㅤㅤㅤ naa୧⍤⃝￴￴￴￴￴ඩා ㅤㅤㅤㅤ","age":"401","bio":"21:47:08"},{"id":"6287876404565@s.whatsapp.net","name":"ᅠ\nᅠ\nᅠ\nᅠ\nᅠ\nᅠ\nᅠ\nᅠ\nᅠ\nᅠ\nᅠ\nᅠ\nᅠ","age":"ㅤ","bio":"22:06:17"},{"id":"6283161750951@s.whatsapp.net","name":"Wahyu","age":"Hey there! I am using WhatsApp.","bio":"22:13:21"},{"id":"6282331076497@s.whatsapp.net","name":"gak kenal","age":"Gak kenal","bio":"22:19:34"},{"id":"6281277859783@s.whatsapp.net","name":"Xiakqnsksoakwk","age":"Xixixi","bio":"22:25:55"},{"id":"6287821072395@s.whatsapp.net","name":"Hanif","age":"401","bio":"22:31:14"},{"id":"6282333810295@s.whatsapp.net","name":"Puji.","age":"Hey there! I am using WhatsApp.","bio":"22:41:20"},{"id":"6283105896230@s.whatsapp.net","name":"fr.","age":"401","bio":"23:32:32"},{"id":"6282272263955@s.whatsapp.net","name":"bilaa","age":"401","bio":"23:33:35"},{"id":"6283120130733@s.whatsapp.net","name":"Xyz","age":"Hey there! I am using WhatsApp.","bio":"01:54:09"},{"id":"6283182689021@s.whatsapp.net","name":"Luthfi","age":"Bot Aktif Selama 2 minute, 13 second","bio":"01:59:01"},{"id":"6281292673955@s.whatsapp.net","name":"TanpaNama🐤🐦","age":"Tanpa Info","bio":"16:28:19"},{"id":"6281296272462@s.whatsapp.net","name":"abill","age":"sibuk","bio":"19:52:38"},{"id":"6282384475241@s.whatsapp.net","name":"Cewe Jelek😾","age":"401","bio":"20:25:53"},{"id":"6285709492094@s.whatsapp.net","name":"𝓦𝔂𝓷 𝓜𝓮𝓵𝓪𝓽𝓲","age":"Mmc!!","bio":"20:31:48"},{"id":"6281218835420@s.whatsapp.net","name":"🤣","age":"Cici💗","bio":"20:39:20"},{"id":"6282267264878@s.whatsapp.net","name":"Dhaffnavy","age":"I need healing","bio":"14:34:56"},{"id":"6282163847510@s.whatsapp.net","name":"GAK ADA NAMA GUA","age":"𝙜𝙖𝙠 𝙖𝙙𝙖 𝙖𝙮𝙣𝙠 ✌︎","bio":"14:52:17"}]