[
{"result": "https://telegra.ph/file/ede7b52da63e50eb23b5a.mp4"},
{"result": "https://telegra.ph/file/564b2588ca6f2bacf48ae.mp4"},
{"result": "https://telegra.ph/file/ef9e9ece3d2c93300dc04.mp4"},
{"result": "https://telegra.ph/file/8e6ad26d5e5c62670adeb.mp4"},
{"result": "https://telegra.ph/file/a0c48643662d8010d625c.mp4"},
{"result": "https://telegra.ph/file/405f3ac11bd0ebb176562.mp4"},
{"result": "https://telegra.ph/file/ae70af5e8ea0875d15a03.mp4"},
{"result": "https://telegra.ph/file/b6a86afdc7f42c1a9344d.mp4"},
{"result": "https://telegra.ph/file/544e620d09707a63dfdf4.mp4"},
{"result": "https://telegra.ph/file/6bb5ff9c318f0587ff03e.mp4"},
{"result": "https://telegra.ph/file/65ea479d29a72a973b17c.mp4"},
{"result": "https://telegra.ph/file/8e4f6cf71a716895123d5.mp4"},
{"result": "https://telegra.ph/file/d7ef225f81cb08c3c62c0.mp4"},
{"result": "https://telegra.ph/file/f08f5da78ce9322b68bed.mp4"},
{"result": "https://a.top4top.io/m_2148p4jru0.mp4"},
{"result": "https://telegra.ph/file/3d059c0b1f3e543135bf7.mp4"},
{"result": "https://telegra.ph/file/30a09055062e96d5d9747.mp4"},
{"result": "https://telegra.ph/file/b09bff3c5fb8fe9845e65.mp4"},
{"result": "https://d.top4top.io/m_2148kught0.mp4"},
{"result": "https://c.top4top.io/m_21487qfu90.mp4"},
{"result": "https://j.top4top.io/m_2148wo7580.mp4"},
{"result": "https://f.top4top.io/m_2148upk0b2.mp4"},
{"result": "https://e.top4top.io/m_2148n3f441.mp4"},
{"result": "https://j.top4top.io/m_2148lijx03.mp4"},
{"result": "https://i.top4top.io/m_2148464ta2.mp4"},
{"result": "https://h.top4top.io/m_21486f9cw1.mp4"},
{"result": "https://i.top4top.io/m_2148bzzs05.mp4"},
{"result": "https://h.top4top.io/m_21488ruax4.mp4"},
{"result": "https://g.top4top.io/m_2148rsmba3.mp4"},
{"result": "https://f.top4top.io/m_2148xjrzu2.mp4"},
{"result": "https://d.top4top.io/m_21484ha5y1.mp4"},
{"result": "https://b.top4top.io/m_214840gzs3.mp4"},
{"result": "https://c.top4top.io/m_2148l9izf4.mp4"},
{"result": "https://a.top4top.io/m_2148gooip2.mp4"},
{"result": "https://k.top4top.io/m_2148opxoy1.mp4"},
{"result": "https://f.top4top.io/m_2148ty5p73.mp4"},
{"result": "https://e.top4top.io/m_21484l0aa2.mp4"},
{"result": "https://d.top4top.io/m_2148230gj1.mp4"},
{"result": "https://l.top4top.io/m_2148q8jwe1.mp4"},
{"result": "https://k.top4top.io/m_2148g1d0p1.mp4"}
]