[
{"result": "https://c4.wallpaperflare.com/wallpaper/590/276/49/allah-islamic-font-islam-wallpaper-preview.jpg"},
{"result": "https://c4.wallpaperflare.com/wallpaper/47/23/762/islam-muslim-religion-wallpaper-preview.jpg"},
{"result": "https://c0.wallpaperflare.com/preview/935/577/300/quran-faith-islamic-muslim.jpg"},
{"result": "https://c1.wallpaperflare.com/preview/860/676/901/house-of-allah-mecca-mosque-muslim.jpg"},
{"result": "https://c0.wallpaperflare.com/preview/234/82/467/makkah-islam-allah.jpg"},
{"result": "https://c4.wallpaperflare.com/wallpaper/320/483/815/islam-muslim-praying-kaaba-wallpaper-preview.jpg"},
{"result": "https://c0.wallpaperflare.com/preview/267/712/965/islamic-prayer-dusk-sun.jpg"},
{"result": "https://c4.wallpaperflare.com/wallpaper/526/765/292/landscape-mosque-architecture-panoramas-wallpaper-preview.jpg"},
{"result": "https://c4.wallpaperflare.com/wallpaper/140/729/193/99-names-of-allah-white-and-black-allah-illustration-wallpaper-preview.jpg"},
{"result": "https://c1.wallpaperflare.com/preview/603/632/998/house-of-allah-mecca-mosque-muslim.jpg"},
{"result": "https://c4.wallpaperflare.com/wallpaper/594/242/532/islam-muslim-religion-wallpaper-preview.jpg"},
{"result": "https://c1.wallpaperflare.com/preview/61/561/165/architecture-mosque-islam-religion.jpg"},
{"result": "https://c1.wallpaperflare.com/preview/419/950/548/religious-muhammad-religion-islam.jpg"},
{"result": "https://c4.wallpaperflare.com/wallpaper/71/282/336/islam-arabic-hd-wallpaper-preview.jpg"},
{"result": "https://c0.wallpaperflare.com/preview/547/168/46/cami-minaret-islam-architecture.jpg"},
{"result": "https://c1.wallpaperflare.com/preview/610/873/118/ramadan-masjid-islamic-shikh.jpg"},
{"result": "https://c4.wallpaperflare.com/wallpaper/665/887/674/architecture-islamic-architecture-mosque-nasir-al-mulk-mosque-wallpaper-preview.jpg"},
{"result": "https://c4.wallpaperflare.com/wallpaper/405/219/724/photography-islam-kaaba-mecca-cities-3600x2391-abstract-photography-hd-art-wallpaper-preview.jpg"},
{"result": "https://c4.wallpaperflare.com/wallpaper/376/349/121/allah-god-islam-entertainment-other-hd-art-wallpaper-preview.jpg"},
{"result": "https://c4.wallpaperflare.com/wallpaper/588/543/631/islam-iran-sunset-islamic-architecture-wallpaper-preview.jpg"},
{"result": "https://c1.wallpaperflare.com/preview/878/589/135/quran-holy-book-islam.jpg"},
{"result": "https://c4.wallpaperflare.com/wallpaper/285/518/469/5bd361cc9fda5-wallpaper-preview.jpg"},
{"result": "https://c4.wallpaperflare.com/wallpaper/483/971/783/city-cityscape-istanbul-turkey-wallpaper-preview.jpg"},
{"result": "https://c4.wallpaperflare.com/wallpaper/839/873/66/photography-nature-landscape-mosque-wallpaper-preview.jpg"},
{"result": "https://c4.wallpaperflare.com/wallpaper/200/416/938/islam-muslim-religion-wallpaper-preview.jpg"},
{"result": "https://c0.wallpaperflare.com/preview/285/471/673/illustration-background-ramadan-fanoos.jpg"},
{"result": "https://c0.wallpaperflare.com/preview/567/617/215/cami-minaret-islam-architecture.jpg"},
{"result": "https://c4.wallpaperflare.com/wallpaper/111/63/795/iran-architecture-symmetry-pattern-wallpaper-preview.jpg"},
{"result": "https://c4.wallpaperflare.com/wallpaper/470/493/134/islam-islamic-architecture-mosque-wallpaper-preview.jpg"},
{"result": "https://c4.wallpaperflare.com/wallpaper/329/376/837/horse-animals-men-praying-wallpaper-preview.jpg"},
{"result": "https://c4.wallpaperflare.com/wallpaper/358/17/110/mosque-lahore-pakistan-architecture-wallpaper-preview.jpg"},
{"result": "https://c4.wallpaperflare.com/wallpaper/167/618/346/islam-muslim-religion-wallpaper-preview.jpg"},
{"result": "https://c1.wallpaperflare.com/preview/561/888/20/book-quran-islam-holy.jpg"},
{"result": "https://c1.wallpaperflare.com/preview/727/20/905/holy-quran-islam-words.jpg"},
{"result": "https://c4.wallpaperflare.com/wallpaper/674/966/562/makkah-masjid-islam-islamic-wallpaper-preview.jpg"},
{"result": "https://c4.wallpaperflare.com/wallpaper/758/198/574/mosque-architecture-islamic-architecture-islam-wallpaper-preview.jpg"},
{"result": "https://c0.wallpaperflare.com/preview/620/158/481/saudi-arabia-%D9%85%D9%83%D8%A9-makkah-royal-clock-tower-wallpaper.jpg"},
{"result": "https://c4.wallpaperflare.com/wallpaper/589/227/778/space-islam-allah-qur-an-wallpaper-preview.jpg"},
{"result": "https://c0.wallpaperflare.com/preview/458/731/776/madinah-religion-hajj-muhammad.jpg"},
{"result": "https://c0.wallpaperflare.com/preview/319/1000/44/muslim-islam-religion-person.jpg"},
{"result": "https://c4.wallpaperflare.com/wallpaper/469/150/434/islam-arabic-hd-wallpaper-preview.jpg"},
{"result": "https://c1.wallpaperflare.com/preview/377/753/226/persian-art-tradiotional-islamic.jpg"},
{"result": "https://c0.wallpaperflare.com/preview/1019/493/70/ramadan-ramadhan-night-religious.jpg"},
{"result": "https://c4.wallpaperflare.com/wallpaper/771/595/679/turkey-islamic-architecture-reflection-sultan-ahmed-mosque-wallpaper-preview.jpg"},
{"result": "https://c4.wallpaperflare.com/wallpaper/165/52/938/islam-arabic-hd-wallpaper-preview.jpg"},
{"result": "https://c4.wallpaperflare.com/wallpaper/545/250/529/allah-arabia-arabic-blessing-wallpaper-preview.jpg"},
{"result": "https://c4.wallpaperflare.com/wallpaper/836/289/177/allah-arab-arabian-arabic-wallpaper-preview.jpg"},
{"result": "https://c1.wallpaperflare.com/preview/102/669/284/ayat-al-kursi-islam-muslims-arabic-typography.jpg"},
{"result": "https://c4.wallpaperflare.com/wallpaper/199/762/443/abolfazl-imam-hussain-imam-islam-wallpaper-preview.jpg"},
{"result": "https://c4.wallpaperflare.com/wallpaper/774/474/484/religion-islam-muslim-wallpaper-preview.jpg"},
{"result": "https://c4.wallpaperflare.com/wallpaper/43/907/605/islam-muslim-religion-wallpaper-preview.jpg"},
{"result": "https://c4.wallpaperflare.com/wallpaper/285/2/472/religious-muslim-islam-quote-wallpaper-preview.jpg"},
{"result": "https://c4.wallpaperflare.com/wallpaper/935/253/212/nasir-al-mulk-mosque-mosque-architecture-islamic-architecture-islam-hd-wallpaper-preview.jpg"},
{"result": "https://c4.wallpaperflare.com/wallpaper/446/120/951/girl-hijab-islam-eyes-wallpaper-preview.jpg"},
{"result": "https://c4.wallpaperflare.com/wallpaper/574/783/673/islam-wallpaper-preview.jpg"},
{"result": "https://c1.wallpaperflare.com/preview/922/795/831/casablanca-mosque-sea-morocco.jpg"},
{"result": "https://c0.wallpaperflare.com/preview/689/52/14/woman-headscarf-exotic-beautiful.jpg"},
{"result": "https://c4.wallpaperflare.com/wallpaper/50/747/795/abu-dhabi-islamic-architecture-architecture-sunlight-wallpaper-preview.jpg"},
{"result": "https://c0.wallpaperflare.com/preview/308/4/851/masjid-raya-baiturrahman-islam-moslem-architecture.jpg"},
{"result": "https://c4.wallpaperflare.com/wallpaper/860/151/589/islam-ottoman-empire-hagia-sophia-fossati-brothers-wallpaper-preview.jpg"},
{"result": "https://c1.wallpaperflare.com/preview/373/75/766/dome-of-the-rock-mosque-islam-jerusalem.jpg"},
{"result": "https://c1.wallpaperflare.com/preview/547/685/74/quran-islamic-muslim-arabic-holy-islam.jpg"},
{"result": "https://c1.wallpaperflare.com/preview/763/210/396/prophet-mosque-masjid-islam.jpg"},
{"result": "https://c4.wallpaperflare.com/wallpaper/921/473/172/islam-muslim-religion-wallpaper-preview.jpg"},
{"result": "https://c0.wallpaperflare.com/preview/720/949/217/masjid-masjid-nabawi-medina-muslim.jpg"},
{"result": "https://c4.wallpaperflare.com/wallpaper/336/563/700/islam-muslim-religion-wallpaper-preview.jpg"},
{"result": "https://c4.wallpaperflare.com/wallpaper/209/988/960/muslim-islam-wallpaper-preview.jpg"},
{"result": "https://c1.wallpaperflare.com/preview/222/851/588/mosque-abu-dhabi-grand-muslim.jpg"},
{"result": "https://c4.wallpaperflare.com/wallpaper/69/985/198/allaah-god-holy-holy-book-wallpaper-preview.jpg"},
{"result": "https://c4.wallpaperflare.com/wallpaper/552/473/313/religious-islam-god-quran-wallpaper-preview.jpg"},
{"result": "https://c4.wallpaperflare.com/wallpaper/43/866/472/al-aqsa-mosque-mecca-sunset-mohammadkhan-wallpaper-preview.jpg"},
{"result": "https://c4.wallpaperflare.com/wallpaper/831/1014/410/islam-muslim-mecca-wallpaper-preview.jpg"},
{"result": "https://c4.wallpaperflare.com/wallpaper/131/236/983/sheikh-zayed-mosque-sheikh-zayed-grand-mosque-mosque-islam-wallpaper-preview.jpg"},
{"result": "https://c4.wallpaperflare.com/wallpaper/729/683/623/makkah-muslim-islam-love-wallpaper-preview.jpg"},
{"result": "https://c0.wallpaperflare.com/preview/134/648/982/ramadan-morocco-traditional-mosque.jpg"},
{"result": "https://c1.wallpaperflare.com/preview/547/336/914/religious-muhammad-religion-islam.jpg"},
{"result": "https://c4.wallpaperflare.com/wallpaper/726/442/416/religious-islam-quran-wallpaper-preview.jpg"},
{"result": "https://c4.wallpaperflare.com/wallpaper/156/567/763/dome-of-the-rock-islam-palestine-love-wallpaper-preview.jpg"},
{"result": "https://c4.wallpaperflare.com/wallpaper/88/561/176/islam-muslim-religion-wallpaper-preview.jpg"},
{"result": "https://c4.wallpaperflare.com/wallpaper/877/714/439/islam-wallpaper-preview.jpg"},
{"result": "https://c4.wallpaperflare.com/wallpaper/876/728/853/mosque-islamic-architecture-religion-chandeliers-wallpaper-preview.jpg"},
{"result": "https://c4.wallpaperflare.com/wallpaper/996/669/208/turkey-mosque-istanbul-islamic-architecture-wallpaper-preview.jpg"},
{"result": "https://c4.wallpaperflare.com/wallpaper/105/373/309/ramadan-islamic-islam-moon-wallpaper-preview.jpg"},
{"result": "https://c4.wallpaperflare.com/wallpaper/519/288/44/al-kaaba-al-musharrafah-holy-kaaba-is-a-building-in-the-center-of-islams-holiest-mosque-al-masjid-al-haram-in-makkah-al-hejaz-saudi-arabia-wallpaper-hd-1920%C3%971080-wallpaper-preview.jpg"},
{"result": "https://c4.wallpaperflare.com/wallpaper/271/864/910/islam-muslim-religion-wallpaper-preview.jpg"},
{"result": "https://c0.wallpaperflare.com/preview/808/490/495/medina-saudi-arabia-muslim-moslem.jpg"},
{"result": "https://c4.wallpaperflare.com/wallpaper/83/875/702/islam-muslim-religion-wallpaper-preview.jpg"},
{"result": "https://c4.wallpaperflare.com/wallpaper/878/504/925/blue-mosque-sultan-ahmed-mosque-mosque-architecture-wallpaper-preview.jpg"},
{"result": "https://c1.wallpaperflare.com/preview/760/946/517/india-taj-mahal-agra-architecture.jpg"},
{"result": "https://c1.wallpaperflare.com/preview/387/345/213/moshe-white-mosque-abu-dhabi-arabic.jpg"},
{"result": "https://c1.wallpaperflare.com/preview/764/998/483/mecca-mekkah-saudi-arabia-saudi.jpg"},
{"result": "https://c1.wallpaperflare.com/preview/394/870/382/tasbeeh-counter-mosque-beeds.jpg"},
{"result": "https://c4.wallpaperflare.com/wallpaper/572/383/772/arabic-islam-calligraphy-quran-wallpaper-preview.jpg"},
{"result": "https://c4.wallpaperflare.com/wallpaper/799/264/994/anime-uchiha-madara-eternal-mangekyou-sharingan-naruto-shippuuden-wallpaper-preview.jpg"},
{"result": "https://c4.wallpaperflare.com/wallpaper/80/981/143/islam-muslim-religion-wallpaper-preview.jpg"},
{"result": "https://c4.wallpaperflare.com/wallpaper/932/310/389/religious-islam-god-quran-wallpaper-preview.jpg"},
{"result": "https://c4.wallpaperflare.com/wallpaper/758/198/574/islamic-architecture-mosques-architecture-islam-iran-wallpaper-preview.jpg"},
{"result": "https://c4.wallpaperflare.com/wallpaper/354/7/826/sultan-ahmed-mosque-mosque-istanbul-turkey-wallpaper-preview.jpg"},
{"result": "https://c4.wallpaperflare.com/wallpaper/242/655/611/arabic-islam-quote-wallpaper-preview.jpg"},
{"result": "https://c4.wallpaperflare.com/wallpaper/67/960/840/national-geographic-books-ancient-paper-wallpaper-preview.jpg"},
{"result": "https://c4.wallpaperflare.com/wallpaper/459/109/197/religious-wallpaper-preview.jpg"},
{"result": "https://c4.wallpaperflare.com/wallpaper/413/517/212/islam-muslim-religion-wallpaper-preview.jpg"},
{"result": "https://c0.wallpaperflare.com/preview/497/881/196/medinei-to-minevver-masjid-nabawi-religion-islam.jpg"},
{"result": "https://c0.wallpaperflare.com/preview/630/249/106/nasir-ol-fluid-iran-mosque-islam.jpg"},
{"result": "https://c4.wallpaperflare.com/wallpaper/590/380/869/religious-islam-wallpaper-preview.jpg"},
{"result": "https://c0.wallpaperflare.com/preview/686/157/115/holly-quran-islam-allah-book.jpg"},
{"result": "https://c4.wallpaperflare.com/wallpaper/726/942/379/islam-arabic-hd-wallpaper-preview.jpg"},
{"result": "https://c4.wallpaperflare.com/wallpaper/382/287/739/islam-arabic-hd-wallpaper-preview.jpg"},
{"result": "https://c1.wallpaperflare.com/preview/830/52/847/holy-quran-ramadan-holy-month.jpg"},
{"result": "https://c4.wallpaperflare.com/wallpaper/419/140/867/closed-up-photo-of-pink-petaled-flower-wallpaper-preview.jpg"},
{"result": "https://c4.wallpaperflare.com/wallpaper/616/948/57/allah-arabic-blessing-city-wallpaper-preview.jpg"},
{"result": "https://c0.wallpaperflare.com/preview/848/246/529/medina-saudi-arabia-masjid-quba-a-masjid.jpg"},
{"result": "https://c0.wallpaperflare.com/preview/374/120/948/indonesia-bandung-religion-sajadah.jpg"},
{"result": "https://c4.wallpaperflare.com/wallpaper/841/163/577/photography-islam-mosque-abu-dhabi-wallpaper-preview.jpg"},
{"result": "https://c1.wallpaperflare.com/preview/996/907/598/muhammad-prophet-madinah-city.jpg"},
{"result": "https://c4.wallpaperflare.com/wallpaper/40/403/608/ali-ibn-abi-talib-islam-imam-quote-wallpaper-preview.jpg"},
{"result": "https://c4.wallpaperflare.com/wallpaper/746/626/518/islam-muslim-name-typo-wallpaper-preview.jpg"},
{"result": "https://c0.wallpaperflare.com/preview/527/649/319/morocco-casablanca-hassan-ii-mosque-marocco.jpg"},
{"result": "https://c4.wallpaperflare.com/wallpaper/1016/34/552/islam-muslim-religion-wallpaper-preview.jpg"},
{"result": "https://c0.wallpaperflare.com/preview/839/810/385/islamic-prayer-silhouette-flat.jpg"},
{"result": "https://c4.wallpaperflare.com/wallpaper/973/715/737/eagle-ali-ibn-abi-talib-quote-islam-wallpaper-preview.jpg"},
{"result": "https://c1.wallpaperflare.com/preview/682/173/209/quran-ramadhan-muslim-islamic-religious-mubarak.jpg"},
{"result": "https://c4.wallpaperflare.com/wallpaper/893/148/905/islam-nature-quran-wallpaper-preview.jpg"},
{"result": "https://c1.wallpaperflare.com/preview/362/361/152/prophet-mosque-masjid-islam.jpg"},
{"result": "https://c0.wallpaperflare.com/preview/785/1006/440/mecca-mosque-muslim-kaaba.jpg"},
{"result": "https://c4.wallpaperflare.com/wallpaper/647/806/368/allah-wallpaper-preview.jpg"},
{"result": "https://c1.wallpaperflare.com/preview/660/194/574/cami-minaret-istanbul-islam.jpg"},
{"result": "https://c1.wallpaperflare.com/preview/276/117/79/blue-mosque-istanbul-turkey-islam.jpg"},
{"result": "https://c4.wallpaperflare.com/wallpaper/786/409/272/islam-muslim-religion-wallpaper-preview.jpg"},
{"result": "https://c4.wallpaperflare.com/wallpaper/717/1010/460/religious-islam-god-quran-wallpaper-preview.jpg"},
{"result": "https://c0.wallpaperflare.com/preview/719/523/789/islamic-prayer-dusk-sun.jpg"},
{"result": "https://c4.wallpaperflare.com/wallpaper/860/442/545/blue-mosque-mosque-turkey-sultan-ahmed-mosque-istanbul-wallpaper-preview.jpg"},
{"result": "https://c0.wallpaperflare.com/preview/449/1006/419/cami-minaret-islam-architecture.jpg"},
{"result": "https://c4.wallpaperflare.com/wallpaper/111/694/329/allah-arab-arabic-background-wallpaper-preview.jpg"},
{"result": "https://c4.wallpaperflare.com/wallpaper/41/242/394/nature-islam-istanbul-hagia-sophia-wallpaper-preview.jpg"},
{"result": "https://c4.wallpaperflare.com/wallpaper/559/464/921/eyes-girl-scarf-mysterious-wallpaper-preview.jpg"},
{"result": "https://c4.wallpaperflare.com/wallpaper/10/943/696/allah-arab-arabian-holy-wallpaper-preview.jpg"},
{"result": "https://c4.wallpaperflare.com/wallpaper/946/656/877/abu-dhabi-dubai-united-arab-emirates-arabic-wallpaper-preview.jpg"},
{"result": "https://c4.wallpaperflare.com/wallpaper/798/512/940/qatar-museum-of-islamic-art-doha-doha-city-wallpaper-preview.jpg"},
{"result": "https://c4.wallpaperflare.com/wallpaper/94/526/504/islam-muslim-religion-wallpaper-preview.jpg"},
{"result": "https://c1.wallpaperflare.com/preview/998/750/544/holy-quran-ramadan-ramadhan-religious.jpg"},
{"result": "https://c4.wallpaperflare.com/wallpaper/222/43/597/istanbul-turkey-city-boat-wallpaper-preview.jpg"},
{"result": "https://c1.wallpaperflare.com/preview/594/736/4/al-aqsa-mosque-muslim-jerusalem.jpg"},
{"result": "https://c4.wallpaperflare.com/wallpaper/718/246/457/close-up-focus-photo-of-white-orchids-wallpaper-preview.jpg"},
{"result": "https://c0.wallpaperflare.com/preview/400/493/266/illustration-background-shikh-pray.jpg"},
{"result": "https://c4.wallpaperflare.com/wallpaper/1010/498/395/air-allah-background-beautiful-wallpaper-preview.jpg"},
{"result": "https://c0.wallpaperflare.com/preview/728/837/112/islamic-prayer-silhouette-female.jpg"},
{"result": "https://c4.wallpaperflare.com/wallpaper/198/740/834/islam-arabic-hd-wallpaper-preview.jpg"},
{"result": "https://c4.wallpaperflare.com/wallpaper/11/913/315/mosque-istanbul-turkey-sultan-ahmed-mosque-wallpaper-preview.jpg"},
{"result": "https://c4.wallpaperflare.com/wallpaper/909/576/988/sheikh-zayed-mosque-mosque-united-arab-emirates-uae-wallpaper-preview.jpg"},
{"result": "https://c4.wallpaperflare.com/wallpaper/987/570/513/illustration-mosque-muslims-arabian-wallpaper-preview.jpg"},
{"result": "https://c1.wallpaperflare.com/preview/865/725/250/allah-god-air-background.jpg"},
{"result": "https://c4.wallpaperflare.com/wallpaper/596/233/162/islam-kaaba-wallpaper-preview.jpg"},
{"result": "https://c4.wallpaperflare.com/wallpaper/809/356/860/islam-tughra-wallpaper-preview.jpg"},
{"result": "https://c4.wallpaperflare.com/wallpaper/581/863/750/muhammad-islam-quote-wallpaper-preview.jpg"},
{"result": "https://c4.wallpaperflare.com/wallpaper/340/306/409/calligraphy-islam-quran-religions-wallpaper-preview.jpg"},
{"result": "https://c4.wallpaperflare.com/wallpaper/756/756/857/mosque-national-geographic-glowing-building-wallpaper-preview.jpg"},
{"result": "https://c4.wallpaperflare.com/wallpaper/79/751/732/2013-2014-hussain-imam-wallpaper-preview.jpg"},
{"result": "https://c4.wallpaperflare.com/wallpaper/316/341/153/islam-muslim-religion-wallpaper-preview.jpg"},
{"result": "https://c1.wallpaperflare.com/preview/205/163/757/archaeological-historical-tourism-historic.jpg"},
{"result": "https://c4.wallpaperflare.com/wallpaper/647/1012/47/grateful-holy-holy-book-islam-wallpaper-preview.jpg"},
{"result": "https://c0.wallpaperflare.com/preview/828/532/1011/masjid-nabawi-i-ve-to-medina-medina-minaret.jpg"},
{"result": "https://c4.wallpaperflare.com/wallpaper/638/245/258/aesthetics-architecture-asian-cami-wallpaper-preview.jpg"},
{"result": "https://c4.wallpaperflare.com/wallpaper/584/184/995/islam-muslim-religion-wallpaper-preview.jpg"},
{"result": "https://c4.wallpaperflare.com/wallpaper/1023/967/621/allah-islam-s-vista-wallpaper-preview.jpg"},
{"result": "https://c4.wallpaperflare.com/wallpaper/757/445/270/islam-qur-an-allah-verse-wallpaper-preview.jpg"},
{"result": "https://c4.wallpaperflare.com/wallpaper/691/986/363/painting-history-royal-prisons-wallpaper-preview.jpg"},
{"result": "https://c4.wallpaperflare.com/wallpaper/363/472/885/nature-city-istanbul-turkey-wallpaper-preview.jpg"},
{"result": "https://c4.wallpaperflare.com/wallpaper/555/122/571/hagia-sophia-islam-istanbul-nature-wallpaper-preview.jpg"},
{"result": "https://c1.wallpaperflare.com/preview/682/473/139/sheikh-zayed-mosque-abu-dhabi-uae-arab.jpg"},
{"result": "https://c4.wallpaperflare.com/wallpaper/749/794/536/background-patterns-vintages-wallpaper-preview.jpg"},
{"result": "https://c4.wallpaperflare.com/wallpaper/784/453/143/arabic-faith-fasting-islam-wallpaper-preview.jpg"},
{"result": "https://c4.wallpaperflare.com/wallpaper/838/1024/865/ali-ibn-muhammad-hadi-imam-islam-quote-wallpaper-preview.jpg"},
{"result": "https://c4.wallpaperflare.com/wallpaper/178/321/276/islam-kaabah-makkah-wallpaper-preview.jpg"},
{"result": "https://c4.wallpaperflare.com/wallpaper/438/499/630/islam-muslim-religion-wallpaper-preview.jpg"},
{"result": "https://c1.wallpaperflare.com/preview/730/853/179/prophet-mosque-masjid-islam.jpg"},
{"result": "https://c1.wallpaperflare.com/preview/111/934/341/mecca-mekkah-saudi-arabia-saudi.jpg"},
{"result": "https://c4.wallpaperflare.com/wallpaper/444/9/291/islam-quran-birds-hands-wallpaper-preview.jpg"},
{"result": "https://c4.wallpaperflare.com/wallpaper/426/76/915/islam-kaabah-makkah-wallpaper-preview.jpg"},
{"result": "https://c1.wallpaperflare.com/preview/966/46/555/arabian-architecture-asian-background.jpg"},
{"result": "https://c4.wallpaperflare.com/wallpaper/562/735/718/photography-islam-islamic-architecture-mosque-wallpaper-preview.jpg"},
{"result": "https://c4.wallpaperflare.com/wallpaper/729/208/872/cityscape-mosque-islam-kazakhstan-wallpaper-preview.jpg"},
{"result": "https://c0.wallpaperflare.com/preview/649/5/198/malaysia-shah-alam-masjid-sultan-salahuddin-abdul-aziz-shah-sunset.jpg"},
{"result": "https://c4.wallpaperflare.com/wallpaper/391/1021/205/islam-istanbul-sultanahmet-mosque-wallpaper-preview.jpg"},
{"result": "https://c1.wallpaperflare.com/preview/145/406/454/mecca-tower-saudi-quran-mekkah.jpg"},
{"result": "https://c1.wallpaperflare.com/preview/23/676/941/prophet-mosque-masjid-islam.jpg"},
{"result": "https://c4.wallpaperflare.com/wallpaper/40/857/244/islam-bismillah-islam-hd-wallpaper-preview.jpg"},
{"result": "https://c0.wallpaperflare.com/preview/201/1001/166/mosque-palestina-muslim-islam.jpg"},
{"result": "https://c4.wallpaperflare.com/wallpaper/836/658/365/islamic-architecture-mosque-wallpaper-preview.jpg"},
{"result": "https://c4.wallpaperflare.com/wallpaper/209/988/960/muslim-islam-minimalism-wallpaper-preview.jpg"},
{"result": "https://c0.wallpaperflare.com/preview/360/860/835/quran-shrine-scripture-muslims.jpg"},
{"result": "https://c4.wallpaperflare.com/wallpaper/973/715/737/ali-ibn-abi-talib-islam-imam-quote-wallpaper-preview.jpg"},
{"result": "https://c0.wallpaperflare.com/preview/838/65/151/mosque-sky-holy-islam.jpg"},
{"result": "https://c4.wallpaperflare.com/wallpaper/542/5/207/islam-allah-water-nature-wallpaper-preview.jpg"},
{"result": "https://c4.wallpaperflare.com/wallpaper/634/155/636/book-islam-quran-quran-wallpaper-preview.jpg"},
{"result": "https://c1.wallpaperflare.com/preview/877/411/591/architecture-mosque-islam-religion.jpg"},
{"result": "https://c4.wallpaperflare.com/wallpaper/870/311/705/islam-qur-an-nature-wallpaper-preview.jpg"},
{"result": "https://c1.wallpaperflare.com/preview/822/117/163/architecture-building-photos-lahore.jpg"},
{"result": "https://c0.wallpaperflare.com/preview/600/928/895/masjid-nabawi-i-ve-to-medina-medina-minaret.jpg"},
{"result": "https://c4.wallpaperflare.com/wallpaper/672/326/434/islam-nature-prayer-wallpaper-preview.jpg"},
{"result": "https://c1.wallpaperflare.com/preview/635/980/842/mosque-islam-saudi-arabia-islamic.jpg"},
{"result": "https://c4.wallpaperflare.com/wallpaper/406/989/318/sheikh-zayed-mosque-in-abu-dhabi-domes-islamic-architecture-desktop-backgrounds-190%C3%971200-wallpaper-preview.jpg"},
{"result": "https://c0.wallpaperflare.com/preview/452/266/495/quran-holy-book-guide.jpg"},
{"result": "https://c4.wallpaperflare.com/wallpaper/528/383/821/islam-arabic-wallpaper-preview.jpg"},
{"result": "https://c1.wallpaperflare.com/preview/241/335/736/russia-mosque-church-religion-architecture.jpg"},
{"result": "https://c1.wallpaperflare.com/preview/237/195/684/attractive-beautiful-beauty-cute.jpg"},
{"result": "https://c4.wallpaperflare.com/wallpaper/464/386/349/islam-muslim-religion-wallpaper-preview.jpg"},
{"result": "https://c1.wallpaperflare.com/preview/380/826/552/religious-muhammad-religion-islam.jpg"},
{"result": "https://c0.wallpaperflare.com/preview/1000/274/343/saudi-arabia-medina-al-masjid-an-nabawi-islam.jpg"},
{"result": "https://c1.wallpaperflare.com/preview/932/887/589/mosque-prayers-green-muslim.jpg"},
{"result": "https://c4.wallpaperflare.com/wallpaper/819/851/767/islam-religion-qur-an-calligraphy-wallpaper-preview.jpg"},
{"result": "https://c4.wallpaperflare.com/wallpaper/924/615/763/islam-arabic-hd-wallpaper-preview.jpg"},
{"result": "https://c0.wallpaperflare.com/preview/949/174/462/shallow-focus-photo-of-decorative-plates.jpg"},
{"result": "https://c4.wallpaperflare.com/wallpaper/616/999/650/ali-ibn-abi-talib-imam-islam-depth-of-field-wallpaper-preview.jpg"},
{"result": "https://c1.wallpaperflare.com/preview/72/666/532/girl-oriental-cover-eye.jpg"},
{"result": "https://c4.wallpaperflare.com/wallpaper/419/977/119/islam-wallpaper-preview.jpg"},
{"result": "https://c1.wallpaperflare.com/preview/867/310/575/kid-praying-muslim-islam.jpg"},
{"result": "https://c4.wallpaperflare.com/wallpaper/837/50/507/texture-flowers-patterns-wallpaper-preview.jpg"},
{"result": "https://c4.wallpaperflare.com/wallpaper/278/720/37/islam-arabic-hd-wallpaper-preview.jpg"},
{"result": "https://c0.wallpaperflare.com/preview/639/20/846/architecture-islam-islamic-muslim.jpg"},
{"result": "https://c1.wallpaperflare.com/preview/814/677/248/the-holy-qur-an-jerusalem-quran-religion.jpg"},
{"result": "https://c1.wallpaperflare.com/preview/242/683/698/photos-islam-islamabad-mosque.jpg"},
{"result": "https://c4.wallpaperflare.com/wallpaper/562/762/437/mosque-lahore-islamic-architecture-pakistan-wallpaper-preview.jpg"},
{"result": "https://c1.wallpaperflare.com/preview/614/946/402/religious-muhammad-religion-islam.jpg"},
{"result": "https://c4.wallpaperflare.com/wallpaper/932/10/342/qur-an-islam-worship-wallpaper-preview.jpg"},
{"result": "https://c4.wallpaperflare.com/wallpaper/1018/892/865/city-cityscape-istanbul-turkey-sultan-ahmed-mosque-hagia-sophia-sea-bosphorus-sunset-ship-architecture-islamic-architecture-wallpaper-preview.jpg"},
{"result": "https://c1.wallpaperflare.com/preview/200/307/626/596edca285846.jpg"},
{"result": "https://c4.wallpaperflare.com/wallpaper/368/1001/82/allah-god-islam-religion-wallpaper-preview.jpg"},
{"result": "https://c1.wallpaperflare.com/preview/440/218/495/moshe-white-mosque-abu-dhabi-arabic.jpg"},
{"result": "https://c0.wallpaperflare.com/preview/733/390/537/islam-mecca-kaaba-religion.jpg"},
{"result": "https://c4.wallpaperflare.com/wallpaper/268/497/231/islam-wallpaper-preview.jpg"},
{"result": "https://c4.wallpaperflare.com/wallpaper/274/400/976/islam-arabic-hd-wallpaper-preview.jpg"},
{"result": "https://c1.wallpaperflare.com/preview/175/80/910/mosque-abu-dhabi-white-mosque-emirates.jpg"},
{"result": "https://c4.wallpaperflare.com/wallpaper/35/38/381/iran-mosque-architecture-shiraz-wallpaper-preview.jpg"},
{"result": "https://c0.wallpaperflare.com/preview/897/104/22/makkah-ksa-saudi-arabia-masjid-al-haram.jpg"},
{"result": "https://c4.wallpaperflare.com/wallpaper/998/458/333/persian-carpet-iran-carpets-wallpaper-preview.jpg"},
{"result": "https://c4.wallpaperflare.com/wallpaper/635/154/463/stained-glass-indoors-carpets-islamic-architecture-wallpaper-preview.jpg"},
{"result": "https://c4.wallpaperflare.com/wallpaper/987/930/409/islam-wallpaper-preview.jpg"},
{"result": "https://c1.wallpaperflare.com/preview/166/934/517/muslim-islam-religion-islamic-ramadan-mosque.jpg"},
{"result": "https://c4.wallpaperflare.com/wallpaper/440/139/601/islam-muslim-religion-wallpaper-preview.jpg"},
{"result": "https://c4.wallpaperflare.com/wallpaper/141/650/464/photography-turkey-istanbul-islamic-architecture-wallpaper-preview.jpg"},
{"result": "https://c0.wallpaperflare.com/preview/325/392/30/book-quran-islam-read.jpg"},
{"result": "https://c0.wallpaperflare.com/preview/78/854/327/prayer-beads-prayer-quran-tasbeeh.jpg"},
{"result": "https://c0.wallpaperflare.com/preview/763/64/1004/holly-quran-islam-allah-book.jpg"},
{"result": "https://c4.wallpaperflare.com/wallpaper/665/887/674/colorful-column-mosque-stained-glass-wallpaper-preview.jpg"},
{"result": "https://c0.wallpaperflare.com/preview/85/1022/488/building-clock-tower-tower-apse.jpg"},
{"result": "https://c4.wallpaperflare.com/wallpaper/503/45/244/2pac-tupac-shakur-tupac-birthday-wallpaper-preview.jpg"},
{"result": "https://c1.wallpaperflare.com/preview/152/43/623/texture-islamic-architecture-tile-persian.jpg"},
{"result": "https://c4.wallpaperflare.com/wallpaper/812/833/191/islam-muslim-religion-wallpaper-preview.jpg"},
{"result": "https://c4.wallpaperflare.com/wallpaper/665/887/674/1920x1200-px-arch-architecture-colorful-column-indoors-islamic-architecture-mosque-mulk-mosque-nasir-video-games-mario-hd-art-wallpaper-preview.jpg"},
{"result": "https://c0.wallpaperflare.com/preview/524/624/963/arabic-beads-belief-black.jpg"},
{"result": "https://c0.wallpaperflare.com/preview/920/286/573/mosque-casablanca-morocco-islam.jpg"},
{"result": "https://c4.wallpaperflare.com/wallpaper/72/367/675/islam-wallpaper-preview.jpg"},
{"result": "https://c4.wallpaperflare.com/wallpaper/289/590/405/islam-muslim-religion-wallpaper-preview.jpg"},
{"result": "https://c1.wallpaperflare.com/preview/402/118/381/prophet-mosque-masjid-islam.jpg"},
{"result": "https://c4.wallpaperflare.com/wallpaper/954/204/27/2013-2014-hussain-islam-wallpaper-preview.jpg"},
{"result": "https://c1.wallpaperflare.com/preview/383/927/627/cami-minaret-dome-building-islam-religion.jpg"},
{"result": "https://c0.wallpaperflare.com/preview/817/46/484/building-architecture-city-night.jpg"},
{"result": "https://c4.wallpaperflare.com/wallpaper/281/151/735/arabian-dark-design-islamic-wallpaper-preview.jpg"},
{"result": "https://c0.wallpaperflare.com/preview/227/53/154/quran-shrine-scripture-muslims.jpg"},
{"result": "https://c4.wallpaperflare.com/wallpaper/734/809/72/khaju-bridge-night-iran-lights-wallpaper-preview.jpg"},
{"result": "https://c1.wallpaperflare.com/preview/996/112/41/religious-muhammad-religion-islam.jpg"},
{"result": "https://c4.wallpaperflare.com/wallpaper/360/378/493/mountains-islam-allah-qur-an-wallpaper-preview.jpg"},
{"result": "https://c4.wallpaperflare.com/wallpaper/319/578/490/islam-quran-wallpaper-preview.jpg"},
{"result": "https://c1.wallpaperflare.com/preview/28/501/289/mosque-prophet-green-religion.jpg"},
{"result": "https://c4.wallpaperflare.com/wallpaper/759/836/850/the-city-dome-jerusalem-israel-wallpaper-preview.jpg"},
{"result": "https://c1.wallpaperflare.com/preview/733/80/33/mosque-sunrise-architecture-landmark.jpg"},
{"result": "https://c4.wallpaperflare.com/wallpaper/989/148/1004/the-bmth-horizon-sempiternal-wallpaper-preview.jpg"},
{"result": "https://c1.wallpaperflare.com/preview/221/759/585/quran-ramadan-ramadhan-religious.jpg"},
{"result": "https://c4.wallpaperflare.com/wallpaper/297/449/226/allah-wallpaper-wallpaper-preview.jpg"},
{"result": "https://c0.wallpaperflare.com/preview/681/416/923/mosque-al-amin-islam-muslim.jpg"},
{"result": "https://c4.wallpaperflare.com/wallpaper/424/469/174/sky-building-historic-site-tourism-wallpaper-preview.jpg"},
{"result": "https://c4.wallpaperflare.com/wallpaper/7/853/319/islam-allah-water-nature-river-quran-wallpaper-preview.jpg"},
{"result": "https://c4.wallpaperflare.com/wallpaper/14/684/50/arch-nasir-al-mulk-mosque-mosque-architecture-wallpaper-preview.jpg"},
{"result": "https://c4.wallpaperflare.com/wallpaper/859/248/855/earth-landscape-cloud-islam-wallpaper-preview.jpg"},
{"result": "https://c4.wallpaperflare.com/wallpaper/761/454/498/islam-wallpaper-preview.jpg"},
{"result": "https://c1.wallpaperflare.com/preview/217/561/311/house-of-allah-mecca-mosque-muslim.jpg"},
{"result": "https://c1.wallpaperflare.com/preview/814/679/655/blue-mosque-istanbul-turkish-cami.jpg"},
{"result": "https://c0.wallpaperflare.com/preview/824/930/463/children-girl-man-homeless.jpg"},
{"result": "https://c1.wallpaperflare.com/preview/784/67/733/religious-muhammad-religion-islam.jpg"},
{"result": "https://c4.wallpaperflare.com/wallpaper/24/374/382/qur-an-islam-calligraphy-kufic-wallpaper-preview.jpg"},
{"result": "https://c4.wallpaperflare.com/wallpaper/24/812/873/husayn-ibn-ali-islam-imam-hussain-imam-wallpaper-preview.jpg"},
{"result": "https://c1.wallpaperflare.com/preview/518/582/454/abu-dhabi-moshe-islam-building.jpg"},
{"result": "https://c4.wallpaperflare.com/wallpaper/351/730/428/abu-dhabi-islamic-architecture-architecture-sunlight-wallpaper-preview.jpg"},
{"result": "https://c4.wallpaperflare.com/wallpaper/830/804/12/islam-muslim-religion-wallpaper-preview.jpg"},
{"result": "https://c4.wallpaperflare.com/wallpaper/228/493/272/islam-arabic-hd-wallpaper-preview.jpg"},
{"result": "https://c1.wallpaperflare.com/preview/702/342/518/mosque-new-mosque-granada-culture.jpg"},
{"result": "https://c4.wallpaperflare.com/wallpaper/536/92/989/smashing-magazine-mandalas-symmetry-abstract-wallpaper-preview.jpg"},
{"result": "https://c0.wallpaperflare.com/preview/670/541/265/ceiling-church-roof-jesus.jpg"},
{"result": "https://c1.wallpaperflare.com/preview/109/793/94/girl-happy-female-beautiful.jpg"},
{"result": "https://c4.wallpaperflare.com/wallpaper/566/698/425/islam-qur-an-space-wallpaper-preview.jpg"},
{"result": "https://c4.wallpaperflare.com/wallpaper/122/814/469/book-close-up-faith-holy-wallpaper-preview.jpg"},
{"result": "https://c4.wallpaperflare.com/wallpaper/830/973/230/islamic-wallpaper-preview.jpg"},
{"result": "https://c4.wallpaperflare.com/wallpaper/929/366/571/islam-mosque-wallpaper-preview.jpg"},
{"result": "https://c4.wallpaperflare.com/wallpaper/956/765/235/architecture-buildings-cairo-egypt-wallpaper-preview.jpg"},
{"result": "https://c4.wallpaperflare.com/wallpaper/570/547/609/ali-ibn-muhammad-hadi-imam-islam-earth-wallpaper-preview.jpg"},
{"result": "https://c1.wallpaperflare.com/preview/307/236/837/religious-muhammad-religion-islam.jpg"},
{"result": "https://c4.wallpaperflare.com/wallpaper/738/298/485/animals-men-indonesia-monochrome-wallpaper-preview.jpg"},
{"result": "https://c1.wallpaperflare.com/preview/866/799/746/sicily-chapel-palatine-geometric-mosaic.jpg"},
{"result": "https://c4.wallpaperflare.com/wallpaper/1001/512/855/islam-istanbul-ortakoy-mosque-mosque-wallpaper-preview.jpg"},
{"result": "https://c4.wallpaperflare.com/wallpaper/315/918/524/ali-ibn-musa-imam-islam-quote-wallpaper-preview.jpg"},
{"result": "https://c4.wallpaperflare.com/wallpaper/801/561/133/arabic-book-calligraphy-holy-wallpaper-preview.jpg"},
{"result": "https://c1.wallpaperflare.com/preview/255/793/145/jerusalem-mosque-holy-religion-israel-architecture.jpg"},
{"result": "https://c4.wallpaperflare.com/wallpaper/561/567/788/turkey-islamic-architecture-sultan-ahmed-mosque-typography-wallpaper-preview.jpg"},
{"result": "https://c1.wallpaperflare.com/preview/323/842/463/ramadan-muslim-islam-arabic.jpg"},
{"result": "https://c4.wallpaperflare.com/wallpaper/439/903/750/game-of-thrones-map-wallpaper-preview.jpg"},
{"result": "https://c0.wallpaperflare.com/preview/816/840/963/architecture-indoors-decoration-sky.jpg"},
{"result": "https://c1.wallpaperflare.com/preview/629/495/604/mosque-arcade-corridor-interior.jpg"},
{"result": "https://c4.wallpaperflare.com/wallpaper/296/676/874/islam-religion-colorful-allah-wallpaper-preview.jpg"},
{"result": "https://c4.wallpaperflare.com/wallpaper/736/995/696/islam-muslim-religion-wallpaper-preview.jpg"},
{"result": "https://c4.wallpaperflare.com/wallpaper/200/158/512/landscape-mosque-architecture-panoramas-islam-urban-iran-wallpaper-preview.jpg"},
{"result": "https://c4.wallpaperflare.com/wallpaper/773/897/313/islam-muslim-religion-wallpaper-preview.jpg"},
{"result": "https://c1.wallpaperflare.com/preview/506/332/929/mosque-islam-saudi-arabia-islamic.jpg"},
{"result": "https://c4.wallpaperflare.com/wallpaper/351/677/299/allah-islam-quran-motivational-wallpaper-preview.jpg"},
{"result": "https://c4.wallpaperflare.com/wallpaper/216/15/690/ramadan-moon-islamic-wallpaper-preview.jpg"},
{"result": "https://c4.wallpaperflare.com/wallpaper/552/428/902/religious-islam-calligraphy-islamic-hd-wallpaper-preview.jpg"},
{"result": "https://c1.wallpaperflare.com/preview/515/7/609/makkah-house-of-allah-mecca-islam.jpg"},
{"result": "https://c1.wallpaperflare.com/preview/799/201/283/mesjid-raya-baiturrahman-aceh-islamic.jpg"},
{"result": "https://c1.wallpaperflare.com/preview/539/500/858/girl-scarf-cover-oriental.jpg"},
{"result": "https://c1.wallpaperflare.com/preview/944/900/38/tashkent-uzbekistan-mosque-east.jpg"},
{"result": "https://c4.wallpaperflare.com/wallpaper/632/395/687/picture-frames-turkey-istanbul-islam-wallpaper-preview.jpg"},
{"result": "https://c4.wallpaperflare.com/wallpaper/70/108/844/allah-islam-qur-an-stars-wallpaper-preview.jpg"},
{"result": "https://c4.wallpaperflare.com/wallpaper/314/461/123/artwork-architecture-islamic-architecture-wallpaper-preview.jpg"},
{"result": "https://c4.wallpaperflare.com/wallpaper/943/419/808/islam-muslim-religion-wallpaper-preview.jpg"},
{"result": "https://c4.wallpaperflare.com/wallpaper/669/518/550/islam-wallpaper-preview.jpg"},
{"result": "https://c4.wallpaperflare.com/wallpaper/425/879/725/ali-ibn-abi-talib-imam-islam-quote-wallpaper-preview.jpg"},
{"result": "https://c1.wallpaperflare.com/preview/685/656/839/taj-mahal-mausoleum-marble-white.jpg"},
{"result": "https://c4.wallpaperflare.com/wallpaper/914/620/56/islamic-architecture-islam-white-sky-wallpaper-preview.jpg"},
{"result": "https://c4.wallpaperflare.com/wallpaper/736/39/641/islam-qur-an-justice-verse-wallpaper-preview.jpg"},
{"result": "https://c0.wallpaperflare.com/preview/257/651/707/oman-%D8%A7%D9%84%D8%B3%D9%8A%D8%A8-1805-way-sky.jpg"},
{"result": "https://c0.wallpaperflare.com/preview/636/859/729/egypt-country-university-al-azhar-scholars.jpg"},
{"result": "https://c1.wallpaperflare.com/preview/588/739/615/girl-muslim-dress-woman.jpg"},
{"result": "https://c1.wallpaperflare.com/preview/878/913/162/hagia-sophia-istanbul-church-turkey.jpg"},
{"result": "https://c4.wallpaperflare.com/wallpaper/611/472/36/minimalism-religion-war-coffins-wallpaper-preview.jpg"},
{"result": "https://c4.wallpaperflare.com/wallpaper/627/892/877/islam-islamic-architecture-mosque-iraq-wallpaper-preview.jpg"},
{"result": "https://c4.wallpaperflare.com/wallpaper/814/735/620/2013-2014-hussain-islam-wallpaper-preview.jpg"},
{"result": "https://c0.wallpaperflare.com/preview/164/985/73/white-concrete-tower.jpg"},
{"result": "https://c1.wallpaperflare.com/preview/420/175/830/dusk-photos-lahore-pakistan.jpg"},
{"result": "https://c0.wallpaperflare.com/preview/132/835/712/arches-architecture-arabic-modernist.jpg"},
{"result": "https://c4.wallpaperflare.com/wallpaper/234/298/489/islamic-architecture-islam-mosque-wallpaper-preview.jpg"},
{"result": "https://c4.wallpaperflare.com/wallpaper/431/77/171/islam-qur-an-calligraphy-verse-wallpaper-preview.jpg"},
{"result": "https://c4.wallpaperflare.com/wallpaper/117/1020/1003/islam-hasan-ibn-ali-imam-quote-wallpaper-preview.jpg"},
{"result": "https://c4.wallpaperflare.com/wallpaper/484/1019/640/islamic-zamadan-wallpaper-preview.jpg"},
{"result": "https://c1.wallpaperflare.com/preview/390/490/478/quran-shrine-scripture-muslims-mosque-islam.jpg"},
{"result": "https://c4.wallpaperflare.com/wallpaper/832/720/977/architecture-iran-islam-landscape-wallpaper-preview.jpg"},
{"result": "https://c4.wallpaperflare.com/wallpaper/577/836/931/1366x768-px-islam-istanbul-mosques-ortakoy-mosque-video-games-tekken-hd-art-wallpaper-preview.jpg"},
{"result": "https://c4.wallpaperflare.com/wallpaper/750/616/1005/god-religion-allah-islam-wallpaper-preview.jpg"},
{"result": "https://c4.wallpaperflare.com/wallpaper/274/886/385/photography-city-islamic-architecture-mosque-wallpaper-preview.jpg"},
{"result": "https://c1.wallpaperflare.com/preview/211/1021/239/architecture-photo-palace-court-public-domain.jpg"},
{"result": "https://c0.wallpaperflare.com/preview/278/337/175/mosque-masjid-nabawi-medina.jpg"},
{"result": "https://c4.wallpaperflare.com/wallpaper/535/371/696/religious-islam-calligraphy-islamic-hd-wallpaper-preview.jpg"},
{"result": "https://c1.wallpaperflare.com/preview/541/1009/282/mecca-mekkah-saudi-arabia-saudi.jpg"},
{"result": "https://c4.wallpaperflare.com/wallpaper/518/409/195/ali-ibn-abi-talib-imam-islam-desert-wallpaper-preview.jpg"},
{"result": "https://c1.wallpaperflare.com/preview/425/481/222/islamic-book-book-islam-muslim-design-arab.jpg"},
{"result": "https://c1.wallpaperflare.com/preview/992/749/139/arabian-ceiling-chandelier-arabic.jpg"},
{"result": "https://c0.wallpaperflare.com/preview/823/582/432/masjid-nabawi-cami-islam-religion.jpg"},
{"result": "https://c1.wallpaperflare.com/preview/985/72/873/israel-dome-of-the-rock-jerusalem-temple-mount.jpg"},
{"result": "https://c4.wallpaperflare.com/wallpaper/352/599/705/city-doha-museum-of-islamic-art-qatar-wallpaper-preview.jpg"},
{"result": "https://c4.wallpaperflare.com/wallpaper/828/362/553/islam-muslim-religion-wallpaper-preview.jpg"},
{"result": "https://c1.wallpaperflare.com/preview/794/637/210/religious-muhammad-religion-islam.jpg"},
{"result": "https://c1.wallpaperflare.com/preview/701/940/972/kaaba-mecca-harem-religion.jpg"},
{"result": "https://c4.wallpaperflare.com/wallpaper/780/696/878/ali-ibn-abi-talib-islam-imam-quote-wallpaper-preview.jpg"},
{"result": "https://c1.wallpaperflare.com/preview/962/963/666/dome-dome-of-the-rock-jerusalem-architecture.jpg"},
{"result": "https://c4.wallpaperflare.com/wallpaper/52/740/57/books-islam-islamic-library-wallpaper-preview.jpg"},
{"result": "https://c1.wallpaperflare.com/preview/90/469/149/alhambra-peek-window-view.jpg"},
{"result": "https://c4.wallpaperflare.com/wallpaper/30/326/370/black-islam-muslim-pak-wallpaper-preview.jpg"},
{"result": "https://c1.wallpaperflare.com/preview/714/724/929/architecture-inside-church-religion.jpg"},
{"result": "https://c0.wallpaperflare.com/preview/487/907/602/clock-tower-big-clock-clock-makkah.jpg"},
{"result": "https://c0.wallpaperflare.com/preview/396/682/351/morocco-marrakech-travel-africa.jpg"},
{"result": "https://c4.wallpaperflare.com/wallpaper/138/741/135/islam-arabic-hd-wallpaper-preview.jpg"},
{"result": "https://c1.wallpaperflare.com/preview/368/455/618/koran-allah-religion-islam.jpg"},
{"result": "https://c4.wallpaperflare.com/wallpaper/640/506/385/mosque-islamic-architecture-sword-art-online-sun-wallpaper-preview.jpg"},
{"result": "https://c4.wallpaperflare.com/wallpaper/350/566/553/scarf-face-eyes-brown-eyed-wallpaper-preview.jpg"},
{"result": "https://c1.wallpaperflare.com/preview/334/242/329/abu-dhabi-photos-islam-mosque.jpg"},
{"result": "https://c4.wallpaperflare.com/wallpaper/748/957/186/qur-an-islam-typography-verse-wallpaper-preview.jpg"},
{"result": "https://c4.wallpaperflare.com/wallpaper/463/594/522/islam-muslim-religion-wallpaper-preview.jpg"},
{"result": "https://c4.wallpaperflare.com/wallpaper/625/857/306/islam-muslim-religion-wallpaper-preview.jpg"},
{"result": "https://c4.wallpaperflare.com/wallpaper/198/510/333/islam-muslim-religion-wallpaper-preview.jpg"},
{"result": "https://c4.wallpaperflare.com/wallpaper/811/294/434/islam-muslim-religion-wallpaper-preview.jpg"},
{"result": "https://c1.wallpaperflare.com/preview/567/572/870/quran-islam-alanya-book.jpg"},
{"result": "https://c0.wallpaperflare.com/preview/722/901/261/makkah-ksa-saudi-arabia-masjid-al-haram.jpg"},
{"result": "https://c4.wallpaperflare.com/wallpaper/703/181/263/islam-muslim-religion-wallpaper-preview.jpg"},
{"result": "https://c4.wallpaperflare.com/wallpaper/478/999/673/patterns-dark-lines-wallpaper-preview.jpg"},
{"result": "https://c4.wallpaperflare.com/wallpaper/854/848/840/cityscape-dubai-city-urban-wallpaper-preview.jpg"},
{"result": "https://c1.wallpaperflare.com/preview/369/50/446/kaaba-mecca-the-pilgrim-s-guide-religion-worship-islam.jpg"},
{"result": "https://c1.wallpaperflare.com/preview/711/84/872/red-fort-delhi-india-travel.jpg"},
{"result": "https://c4.wallpaperflare.com/wallpaper/801/561/133/arabic-book-calligraphy-holy-wallpaper-preview.jpg"},
{"result": "https://c4.wallpaperflare.com/wallpaper/248/508/968/ali-ibn-abi-talib-imam-islam-quote-mountain-pass-mountain-town-stars-wallpaper-preview.jpg"},
{"result": "https://c4.wallpaperflare.com/wallpaper/706/680/48/islam-muslim-religion-wallpaper-preview.jpg"},
{"result": "https://c0.wallpaperflare.com/preview/660/5/131/kazakhstan-astana-islam-muslim.jpg"},
{"result": "https://c4.wallpaperflare.com/wallpaper/899/15/748/mosque-islamic-architecture-architecture-wallpaper-preview.jpg"},
{"result": "https://c1.wallpaperflare.com/preview/166/465/276/al-azhar-mosque-cairo-egypt.jpg"},
{"result": "https://c0.wallpaperflare.com/preview/387/283/618/cami-circle-islam-geometry.jpg"},
{"result": "https://c4.wallpaperflare.com/wallpaper/385/519/717/islam-muslim-religion-wallpaper-preview.jpg"},
{"result": "https://c1.wallpaperflare.com/preview/733/696/966/qatar-doha-corniche-buildings-city-architecture.jpg"},
{"result": "https://c4.wallpaperflare.com/wallpaper/499/437/251/religious-islam-calligraphy-islamic-hd-wallpaper-preview.jpg"},
{"result": "https://c4.wallpaperflare.com/wallpaper/538/464/902/women-eyes-people-muslim-islam-hazel-eyes-scarf-faces-hijab-2544x1680-people-eyes-hd-art-wallpaper-preview.jpg"},
{"result": "https://c4.wallpaperflare.com/wallpaper/458/827/693/pink-gerbera-daisy-with-water-drops-wallpaper-preview.jpg"},
{"result": "https://c4.wallpaperflare.com/wallpaper/951/204/948/istanbul-turkey-islamic-architecture-islam-wallpaper-preview.jpg"},
{"result": "https://c1.wallpaperflare.com/preview/422/666/406/abu-dhabi-photo-holy-interior.jpg"},
{"result": "https://c1.wallpaperflare.com/preview/760/218/570/abu-dhabi-moshe-islam-building.jpg"},
{"result": "https://c4.wallpaperflare.com/wallpaper/402/937/182/islam-muslim-religion-wallpaper-preview.jpg"},
{"result": "https://c0.wallpaperflare.com/preview/724/661/65/mosque-al-amine-islam-muslim.jpg"},
{"result": "https://c4.wallpaperflare.com/wallpaper/551/875/669/islam-quote-matterhorn-zermatt-wallpaper-preview.jpg"},
{"result": "https://c4.wallpaperflare.com/wallpaper/385/589/304/husayn-ibn-ali-imam-islam-quote-wallpaper-preview.jpg"},
{"result": "https://c4.wallpaperflare.com/wallpaper/225/587/679/oriental-arhcetecture-wallpaper-preview.jpg"},
{"result": "https://c0.wallpaperflare.com/preview/261/760/983/architecture-arabic-islam-islamic.jpg"},
{"result": "https://c4.wallpaperflare.com/wallpaper/251/752/51/islam-mosques-wallpaper-preview.jpg"},
{"result": "https://c1.wallpaperflare.com/preview/671/412/899/alhambra-granada-andalusia-spain.jpg"},
{"result": "https://c1.wallpaperflare.com/preview/759/823/596/sheikh-zayed-mosque-masjid.jpg"},
{"result": "https://c4.wallpaperflare.com/wallpaper/492/169/266/ali-ibn-abi-talib-imam-islam-quote-wallpaper-preview.jpg"},
{"result": "https://c1.wallpaperflare.com/preview/13/872/6/mecca-mekkah-saudi-arabia-saudi.jpg"},
{"result": "https://c4.wallpaperflare.com/wallpaper/513/435/593/hip-hop-actor-rapper-wallpaper-preview.jpg"},
{"result": "https://c0.wallpaperflare.com/preview/226/523/794/prishtina-mosque-mezquita-muslim.jpg"},
{"result": "https://c0.wallpaperflare.com/preview/81/699/763/istanbul-day-nativity-marine-minaret.jpg"},
{"result": "https://c1.wallpaperflare.com/preview/240/434/468/monument-islamic-art-taman-tamadun-islam-islamic.jpg"},
{"result": "https://c1.wallpaperflare.com/preview/302/160/34/ramadan-islam-muslim-islamic.jpg"},
{"result": "https://c1.wallpaperflare.com/preview/975/985/81/religious-muhammad-religion-islam.jpg"},
{"result": "https://c4.wallpaperflare.com/wallpaper/413/517/212/islam-muslim-religion-wallpaper-preview.jpg"},
{"result": "https://c1.wallpaperflare.com/preview/647/469/93/jerusalem-city-temple-israel.jpg"},
{"result": "https://c4.wallpaperflare.com/wallpaper/750/295/815/1280x1024-px-islam-video-games-crysis-hd-art-wallpaper-preview.jpg"},
{"result": "https://c1.wallpaperflare.com/preview/243/347/727/playing-card-back-pattern.jpg"},
{"result": "https://c4.wallpaperflare.com/wallpaper/777/875/592/architecture-islamic-masjed-masjid-wallpaper-preview.jpg"},
{"result": "https://c4.wallpaperflare.com/wallpaper/574/727/746/the-mosque-the-dome-oriental-ornaments-wallpaper-preview.jpg"},
{"result": "https://c4.wallpaperflare.com/wallpaper/730/811/599/architecture-islamic-architecture-modern-castle-wallpaper-preview.jpg"},
{"result": "https://c0.wallpaperflare.com/preview/351/1023/767/turkey-mihrimah-sultan-mosque-architecture-mosque.jpg"},
{"result": "https://c1.wallpaperflare.com/preview/828/11/610/hagia-sofia-istanbul-church-sofia.jpg"},
{"result": "https://c1.wallpaperflare.com/preview/779/217/90/granada-world-heritage-site-alhambra-islamic-art.jpg"},
{"result": "https://c1.wallpaperflare.com/preview/904/627/728/architecture-travel-outdoors-tourism.jpg"},
{"result": "https://c4.wallpaperflare.com/wallpaper/336/563/700/islam-muslim-religion-wallpaper-preview.jpg"},
{"result": "https://c4.wallpaperflare.com/wallpaper/941/376/993/islam-muslim-religion-wallpaper-preview.jpg"},
{"result": "https://c1.wallpaperflare.com/preview/194/523/651/mosque-praying-muslim-islam.jpg"},
{"result": "https://c4.wallpaperflare.com/wallpaper/251/666/428/jafar-ibn-muhammad-imam-islam-simple-wallpaper-preview.jpg"},
{"result": "https://c4.wallpaperflare.com/wallpaper/9/930/349/islam-muslim-religion-wallpaper-preview.jpg"},
{"result": "https://c4.wallpaperflare.com/wallpaper/440/139/601/islam-muslim-religion-wallpaper-preview.jpg"},
{"result": "https://c0.wallpaperflare.com/preview/177/303/796/malaysia-shah-alam-sultan-salahuddin-abdul-aziz-mosque-drone.jpg"},
{"result": "https://c1.wallpaperflare.com/preview/55/388/902/ramadhan-men-guy-religion.jpg"},
{"result": "https://c1.wallpaperflare.com/preview/632/204/939/mosque-muhammad-ali-pray-pasha.jpg"},
{"result": "https://c4.wallpaperflare.com/wallpaper/175/727/706/qur-an-islam-typography-wallpaper-preview.jpg"},
{"result": "https://c1.wallpaperflare.com/preview/477/140/925/israel-jerusalem-holy-city-city.jpg"},
{"result": "https://c4.wallpaperflare.com/wallpaper/844/987/736/religious-wallpaper-preview.jpg"},
{"result": "https://c1.wallpaperflare.com/preview/663/121/197/jerusalem-worship-history-holiday.jpg"},
{"result": "https://c4.wallpaperflare.com/wallpaper/774/474/484/islam-muslim-religion-wallpaper-preview.jpg"},
{"result": "https://c4.wallpaperflare.com/wallpaper/492/484/30/islam-muslim-religion-wallpaper-preview.jpg"},
{"result": "https://c4.wallpaperflare.com/wallpaper/634/859/625/islam-muslim-religion-wallpaper-preview.jpg"},
{"result": "https://c1.wallpaperflare.com/preview/738/941/68/haji-ali-shrine-mumbai-bombay-muslim.jpg"},
{"result": "https://c4.wallpaperflare.com/wallpaper/109/941/185/islam-muslim-religion-wallpaper-preview.jpg"},
{"result": "https://c1.wallpaperflare.com/preview/520/503/738/islam-mosque-pray-prayer.jpg"},
{"result": "https://c4.wallpaperflare.com/wallpaper/584/1010/561/allah-islam-mountain-quran-wallpaper-preview.jpg"},
{"result": "https://c4.wallpaperflare.com/wallpaper/463/492/30/religious-samarinda-islamic-center-borneo-east-kalimantan-province-wallpaper-preview.jpg"},
{"result": "https://c4.wallpaperflare.com/wallpaper/431/948/945/islam-qur-an-verse-paper-wallpaper-preview.jpg"},
{"result": "https://c4.wallpaperflare.com/wallpaper/732/862/345/islam-wallpaper-preview.jpg"},
{"result": "https://c1.wallpaperflare.com/preview/276/671/740/abu-dhabi-moshe-islam-building.jpg"},
{"result": "https://c4.wallpaperflare.com/wallpaper/425/879/725/islam-stars-imam-space-wallpaper-preview.jpg"},
{"result": "https://c4.wallpaperflare.com/wallpaper/129/88/996/islam-muslim-religion-wallpaper-preview.jpg"},
{"result": "https://c1.wallpaperflare.com/preview/721/257/200/al-azhar-architecture-cairo-egypt.jpg"},
{"result": "https://c4.wallpaperflare.com/wallpaper/757/345/296/india-city-agra-taj-mahal-wallpaper-preview.jpg"},
{"result": "https://c0.wallpaperflare.com/preview/130/492/27/iran-shiraz-nasir-al-mulk-mosque%E2%80%8C-picture.jpg"},
{"result": "https://c1.wallpaperflare.com/preview/376/422/402/alhambra-patio-granada-spain.jpg"},
{"result": "https://c0.wallpaperflare.com/preview/574/431/804/interior-light-up-mosque-turkey.jpg"},
{"result": "https://c1.wallpaperflare.com/preview/470/794/354/religious-muhammad-religion-islam.jpg"},
{"result": "https://c1.wallpaperflare.com/preview/216/392/890/israel-dome-of-the-rock-jerusalem-temple-mount.jpg"},
{"result": "https://c1.wallpaperflare.com/preview/283/24/10/mosque-putrajaya-malaysia-islamic.jpg"},
{"result": "https://c0.wallpaperflare.com/preview/157/408/23/white-concrete-building.jpg"},
{"result": "https://c1.wallpaperflare.com/preview/509/126/552/mosque-pray-muslim-islam.jpg"},
{"result": "https://c4.wallpaperflare.com/wallpaper/424/668/63/islam-muslim-religion-wallpaper-preview.jpg"},
{"result": "https://c0.wallpaperflare.com/preview/717/578/332/berry-bowl-closeup-cultural.jpg"},
{"result": "https://c4.wallpaperflare.com/wallpaper/168/944/981/prophet-joseph-qur-an-god-wallpaper-preview.jpg"},
{"result": "https://c4.wallpaperflare.com/wallpaper/313/355/821/islam-architecture-camel-street-wallpaper-preview.jpg"},
{"result": "https://c4.wallpaperflare.com/wallpaper/800/153/96/architecture-buildings-faisal-islam-wallpaper-preview.jpg"},
{"result": "https://c4.wallpaperflare.com/wallpaper/226/522/418/islam-muslim-religion-wallpaper-preview.jpg"},
{"result": "https://c4.wallpaperflare.com/wallpaper/305/523/701/islam-wallpaper-preview.jpg"},
{"result": "https://c4.wallpaperflare.com/wallpaper/318/442/400/islam-wallpaper-preview.jpg"},
{"result": "https://c4.wallpaperflare.com/wallpaper/655/470/339/islam-muslim-religion-wallpaper-preview.jpg"},
{"result": "https://c4.wallpaperflare.com/wallpaper/457/640/6/islam-qur-an-jonah-prophet-wallpaper-preview.jpg"},
{"result": "https://c4.wallpaperflare.com/wallpaper/743/387/707/islam-muslim-religion-wallpaper-preview.jpg"},
{"result": "https://c1.wallpaperflare.com/preview/402/251/822/damascus-syria-umayyad-mosque.jpg"},
{"result": "https://c1.wallpaperflare.com/preview/58/184/17/religious-muhammad-religion-islam.jpg"},
{"result": "https://c1.wallpaperflare.com/preview/18/627/763/seville-spain-alcazar-islamic-architecture.jpg"},
{"result": "https://c4.wallpaperflare.com/wallpaper/53/976/981/islam-belief-religion-typography-wallpaper-preview.jpg"},
{"result": "https://c4.wallpaperflare.com/wallpaper/42/531/751/islam-muslim-religion-wallpaper-preview.jpg"},
{"result": "https://c4.wallpaperflare.com/wallpaper/511/7/593/islam-muslim-religion-wallpaper-preview.jpg"},
{"result": "https://c4.wallpaperflare.com/wallpaper/610/372/842/islam-muslim-religion-wallpaper-preview.jpg"},
{"result": "https://c4.wallpaperflare.com/wallpaper/634/552/910/islam-muslim-religion-wallpaper-preview.jpg"},
{"result": "https://c4.wallpaperflare.com/wallpaper/592/1011/729/islam-muslim-religion-wallpaper-preview.jpg"},
{"result": "https://c1.wallpaperflare.com/preview/217/468/937/taj-mahal-temple-india.jpg"},
{"result": "https://c0.wallpaperflare.com/preview/437/752/934/arabic-belief-black-and-white-carpet.jpg"},
{"result": "https://c4.wallpaperflare.com/wallpaper/616/66/557/islam-evil-qur-an-verse-wallpaper-preview.jpg"},
{"result": "https://c4.wallpaperflare.com/wallpaper/439/873/301/qur-an-islam-verse-calligraphy-wallpaper-preview.jpg"},
{"result": "https://c1.wallpaperflare.com/preview/930/638/382/the-square-the-city-of-malang-indonesian-islam.jpg"},
{"result": "https://c4.wallpaperflare.com/wallpaper/638/237/114/ali-ibn-abi-talib-imam-islam-gold-wallpaper-preview.jpg"},
{"result": "https://c0.wallpaperflare.com/preview/749/551/800/architecture-building-dome-castle.jpg"},
{"result": "https://c4.wallpaperflare.com/wallpaper/758/198/574/architecture-red-islamic-architecture-mosque-wallpaper-preview.jpg"},
{"result": "https://c1.wallpaperflare.com/preview/733/379/747/mandala-tibet-nepal-monk.jpg"},
{"result": "https://c1.wallpaperflare.com/preview/205/17/226/quran-holy-book-islam.jpg"},
{"result": "https://c4.wallpaperflare.com/wallpaper/625/446/466/islam-ancient-national-geographic-paper-wallpaper-preview.jpg"},
{"result": "https://c1.wallpaperflare.com/preview/835/295/594/book-islam-islamic-arabic.jpg"},
{"result": "https://c4.wallpaperflare.com/wallpaper/980/618/430/mosque-istanbul-turkey-sultan-ahmed-mosque-wallpaper-preview.jpg"},
{"result": "https://c4.wallpaperflare.com/wallpaper/716/59/832/imam-hasan-hasan-ibn-ali-islam-imam-wallpaper-preview.jpg"}
]