[
{"result": "https://telegra.ph/file/68e16306fd0bb4a930368.jpg"},
{"result": "https://telegra.ph/file/b92010723f868db961af3.jpg"},
{"result": "https://telegra.ph/file/2d007641b06ee876d1ae1.jpg"},
{"result": "https://telegra.ph/file/c2eddf6d32c287bd9376c.jpg"},
{"result": "https://telegra.ph/file/6c7f95ade1778a0dd1682.jpg"},
{"result": "https://telegra.ph/file/186739df982ed6987f986.jpg"},
{"result": "https://telegra.ph/file/188082f764b0ff2765126.jpg"},
{"result": "https://telegra.ph/file/3a30638fd43a88a965d84.jpg"},
{"result": "https://telegra.ph/file/3e61258c05394eb892877.jpg"}
]